outer_fold,candidate_index,parameters_json,inner_fold,rmsle
0,0,"{""l2_regularization"":1.0,""learning_rate"":0.06,""max_iter"":500,""max_leaf_nodes"":15,""min_samples_leaf"":20,""random_state"":20240920}",0,0.0952787083058
0,0,"{""l2_regularization"":1.0,""learning_rate"":0.06,""max_iter"":500,""max_leaf_nodes"":15,""min_samples_leaf"":20,""random_state"":20240920}",1,0.093137851692
0,0,"{""l2_regularization"":1.0,""learning_rate"":0.06,""max_iter"":500,""max_leaf_nodes"":15,""min_samples_leaf"":20,""random_state"":20240920}",2,0.0917805066259
0,0,"{""l2_regularization"":1.0,""learning_rate"":0.06,""max_iter"":500,""max_leaf_nodes"":15,""min_samples_leaf"":20,""random_state"":20240920}",mean,0.0933990222079
0,1,"{""l2_regularization"":0.0,""learning_rate"":0.06,""max_iter"":500,""max_leaf_nodes"":31,""min_samples_leaf"":50,""random_state"":20240920}",0,0.090422721015
0,1,"{""l2_regularization"":0.0,""learning_rate"":0.06,""max_iter"":500,""max_leaf_nodes"":31,""min_samples_leaf"":50,""random_state"":20240920}",1,0.0905554727376
0,1,"{""l2_regularization"":0.0,""learning_rate"":0.06,""max_iter"":500,""max_leaf_nodes"":31,""min_samples_leaf"":50,""random_state"":20240920}",2,0.0875602602554
0,1,"{""l2_regularization"":0.0,""learning_rate"":0.06,""max_iter"":500,""max_leaf_nodes"":31,""min_samples_leaf"":50,""random_state"":20240920}",mean,0.0895128180027
0,2,"{""l2_regularization"":0.0,""learning_rate"":0.06,""max_iter"":500,""max_leaf_nodes"":15,""min_samples_leaf"":50,""random_state"":20240920}",0,0.0947937795459
0,2,"{""l2_regularization"":0.0,""learning_rate"":0.06,""max_iter"":500,""max_leaf_nodes"":15,""min_samples_leaf"":50,""random_state"":20240920}",1,0.0936315619897
0,2,"{""l2_regularization"":0.0,""learning_rate"":0.06,""max_iter"":500,""max_leaf_nodes"":15,""min_samples_leaf"":50,""random_state"":20240920}",2,0.0929476553432
0,2,"{""l2_regularization"":0.0,""learning_rate"":0.06,""max_iter"":500,""max_leaf_nodes"":15,""min_samples_leaf"":50,""random_state"":20240920}",mean,0.0937909989596
0,3,"{""l2_regularization"":0.0,""learning_rate"":0.1,""max_iter"":500,""max_leaf_nodes"":31,""min_samples_leaf"":50,""random_state"":20240920}",0,0.0931687207542
0,3,"{""l2_regularization"":0.0,""learning_rate"":0.1,""max_iter"":500,""max_leaf_nodes"":31,""min_samples_leaf"":50,""random_state"":20240920}",1,0.0914380421447
0,3,"{""l2_regularization"":0.0,""learning_rate"":0.1,""max_iter"":500,""max_leaf_nodes"":31,""min_samples_leaf"":50,""random_state"":20240920}",2,0.0877771697884
0,3,"{""l2_regularization"":0.0,""learning_rate"":0.1,""max_iter"":500,""max_leaf_nodes"":31,""min_samples_leaf"":50,""random_state"":20240920}",mean,0.0907946442291
0,4,"{""l2_regularization"":1.0,""learning_rate"":0.03,""max_iter"":500,""max_leaf_nodes"":31,""min_samples_leaf"":20,""random_state"":20240920}",0,0.0996140144471
0,4,"{""l2_regularization"":1.0,""learning_rate"":0.03,""max_iter"":500,""max_leaf_nodes"":31,""min_samples_leaf"":20,""random_state"":20240920}",1,0.100472968505
0,4,"{""l2_regularization"":1.0,""learning_rate"":0.03,""max_iter"":500,""max_leaf_nodes"":31,""min_samples_leaf"":20,""random_state"":20240920}",2,0.0936128931189
0,4,"{""l2_regularization"":1.0,""learning_rate"":0.03,""max_iter"":500,""max_leaf_nodes"":31,""min_samples_leaf"":20,""random_state"":20240920}",mean,0.0978999586904
0,5,"{""l2_regularization"":1.0,""learning_rate"":0.06,""max_iter"":500,""max_leaf_nodes"":15,""min_samples_leaf"":50,""random_state"":20240920}",0,0.0955686813012
0,5,"{""l2_regularization"":1.0,""learning_rate"":0.06,""max_iter"":500,""max_leaf_nodes"":15,""min_samples_leaf"":50,""random_state"":20240920}",1,0.0925352210732
0,5,"{""l2_regularization"":1.0,""learning_rate"":0.06,""max_iter"":500,""max_leaf_nodes"":15,""min_samples_leaf"":50,""random_state"":20240920}",2,0.0916709407433
0,5,"{""l2_regularization"":1.0,""learning_rate"":0.06,""max_iter"":500,""max_leaf_nodes"":15,""min_samples_leaf"":50,""random_state"":20240920}",mean,0.0932582810392
0,6,"{""l2_regularization"":5.0,""learning_rate"":0.03,""max_iter"":500,""max_leaf_nodes"":15,""min_samples_leaf"":20,""random_state"":20240920}",0,0.112620671473
0,6,"{""l2_regularization"":5.0,""learning_rate"":0.03,""max_iter"":500,""max_leaf_nodes"":15,""min_samples_leaf"":20,""random_state"":20240920}",1,0.107563778843
0,6,"{""l2_regularization"":5.0,""learning_rate"":0.03,""max_iter"":500,""max_leaf_nodes"":15,""min_samples_leaf"":20,""random_state"":20240920}",2,0.110389493569
0,6,"{""l2_regularization"":5.0,""learning_rate"":0.03,""max_iter"":500,""max_leaf_nodes"":15,""min_samples_leaf"":20,""random_state"":20240920}",mean,0.110191314629
0,7,"{""l2_regularization"":0.0,""learning_rate"":0.1,""max_iter"":500,""max_leaf_nodes"":15,""min_samples_leaf"":20,""random_state"":20240920}",0,0.0887174588532
0,7,"{""l2_regularization"":0.0,""learning_rate"":0.1,""max_iter"":500,""max_leaf_nodes"":15,""min_samples_leaf"":20,""random_state"":20240920}",1,0.0880400935469
0,7,"{""l2_regularization"":0.0,""learning_rate"":0.1,""max_iter"":500,""max_leaf_nodes"":15,""min_samples_leaf"":20,""random_state"":20240920}",2,0.086237771624
0,7,"{""l2_regularization"":0.0,""learning_rate"":0.1,""max_iter"":500,""max_leaf_nodes"":15,""min_samples_leaf"":20,""random_state"":20240920}",mean,0.087665108008
0,8,"{""l2_regularization"":5.0,""learning_rate"":0.06,""max_iter"":500,""max_leaf_nodes"":31,""min_samples_leaf"":50,""random_state"":20240920}",0,0.0910622367133
0,8,"{""l2_regularization"":5.0,""learning_rate"":0.06,""max_iter"":500,""max_leaf_nodes"":31,""min_samples_leaf"":50,""random_state"":20240920}",1,0.0887722225144
0,8,"{""l2_regularization"":5.0,""learning_rate"":0.06,""max_iter"":500,""max_leaf_nodes"":31,""min_samples_leaf"":50,""random_state"":20240920}",2,0.0876482665904
0,8,"{""l2_regularization"":5.0,""learning_rate"":0.06,""max_iter"":500,""max_leaf_nodes"":31,""min_samples_leaf"":50,""random_state"":20240920}",mean,0.089160908606
0,9,"{""l2_regularization"":0.0,""learning_rate"":0.03,""max_iter"":500,""max_leaf_nodes"":15,""min_samples_leaf"":50,""random_state"":20240920}",0,0.109260635567
0,9,"{""l2_regularization"":0.0,""learning_rate"":0.03,""max_iter"":500,""max_leaf_nodes"":15,""min_samples_leaf"":50,""random_state"":20240920}",1,0.108256733793
0,9,"{""l2_regularization"":0.0,""learning_rate"":0.03,""max_iter"":500,""max_leaf_nodes"":15,""min_samples_leaf"":50,""random_state"":20240920}",2,0.105752036616
0,9,"{""l2_regularization"":0.0,""learning_rate"":0.03,""max_iter"":500,""max_leaf_nodes"":15,""min_samples_leaf"":50,""random_state"":20240920}",mean,0.107756468659
0,10,"{""l2_regularization"":5.0,""learning_rate"":0.1,""max_iter"":500,""max_leaf_nodes"":15,""min_samples_leaf"":20,""random_state"":20240920}",0,0.0931374173291
0,10,"{""l2_regularization"":5.0,""learning_rate"":0.1,""max_iter"":500,""max_leaf_nodes"":15,""min_samples_leaf"":20,""random_state"":20240920}",1,0.0859144546451
0,10,"{""l2_regularization"":5.0,""learning_rate"":0.1,""max_iter"":500,""max_leaf_nodes"":15,""min_samples_leaf"":20,""random_state"":20240920}",2,0.0904198870194
0,10,"{""l2_regularization"":5.0,""learning_rate"":0.1,""max_iter"":500,""max_leaf_nodes"":15,""min_samples_leaf"":20,""random_state"":20240920}",mean,0.0898239196645
0,11,"{""l2_regularization"":5.0,""learning_rate"":0.1,""max_iter"":500,""max_leaf_nodes"":15,""min_samples_leaf"":50,""random_state"":20240920}",0,0.092481731064
0,11,"{""l2_regularization"":5.0,""learning_rate"":0.1,""max_iter"":500,""max_leaf_nodes"":15,""min_samples_leaf"":50,""random_state"":20240920}",1,0.0858857763038
0,11,"{""l2_regularization"":5.0,""learning_rate"":0.1,""max_iter"":500,""max_leaf_nodes"":15,""min_samples_leaf"":50,""random_state"":20240920}",2,0.0884762193818
0,11,"{""l2_regularization"":5.0,""learning_rate"":0.1,""max_iter"":500,""max_leaf_nodes"":15,""min_samples_leaf"":50,""random_state"":20240920}",mean,0.0889479089165
0,12,"{""l2_regularization"":5.0,""learning_rate"":0.06,""max_iter"":500,""max_leaf_nodes"":15,""min_samples_leaf"":50,""random_state"":20240920}",0,0.0981435911834
0,12,"{""l2_regularization"":5.0,""learning_rate"":0.06,""max_iter"":500,""max_leaf_nodes"":15,""min_samples_leaf"":50,""random_state"":20240920}",1,0.0920800354526
0,12,"{""l2_regularization"":5.0,""learning_rate"":0.06,""max_iter"":500,""max_leaf_nodes"":15,""min_samples_leaf"":50,""random_state"":20240920}",2,0.0941352769755
0,12,"{""l2_regularization"":5.0,""learning_rate"":0.06,""max_iter"":500,""max_leaf_nodes"":15,""min_samples_leaf"":50,""random_state"":20240920}",mean,0.0947863012038
0,13,"{""l2_regularization"":0.0,""learning_rate"":0.03,""max_iter"":500,""max_leaf_nodes"":31,""min_samples_leaf"":50,""random_state"":20240920}",0,0.100808816018
0,13,"{""l2_regularization"":0.0,""learning_rate"":0.03,""max_iter"":500,""max_leaf_nodes"":31,""min_samples_leaf"":50,""random_state"":20240920}",1,0.0998567219512
0,13,"{""l2_regularization"":0.0,""learning_rate"":0.03,""max_iter"":500,""max_leaf_nodes"":31,""min_samples_leaf"":50,""random_state"":20240920}",2,0.0949879063158
0,13,"{""l2_regularization"":0.0,""learning_rate"":0.03,""max_iter"":500,""max_leaf_nodes"":31,""min_samples_leaf"":50,""random_state"":20240920}",mean,0.0985511480949
0,14,"{""l2_regularization"":0.0,""learning_rate"":0.03,""max_iter"":500,""max_leaf_nodes"":15,""min_samples_leaf"":20,""random_state"":20240920}",0,0.109276440748
0,14,"{""l2_regularization"":0.0,""learning_rate"":0.03,""max_iter"":500,""max_leaf_nodes"":15,""min_samples_leaf"":20,""random_state"":20240920}",1,0.108456989994
0,14,"{""l2_regularization"":0.0,""learning_rate"":0.03,""max_iter"":500,""max_leaf_nodes"":15,""min_samples_leaf"":20,""random_state"":20240920}",2,0.107885686893
0,14,"{""l2_regularization"":0.0,""learning_rate"":0.03,""max_iter"":500,""max_leaf_nodes"":15,""min_samples_leaf"":20,""random_state"":20240920}",mean,0.108539705879
0,15,"{""l2_regularization"":0.0,""learning_rate"":0.1,""max_iter"":500,""max_leaf_nodes"":31,""min_samples_leaf"":20,""random_state"":20240920}",0,0.0931234205435
0,15,"{""l2_regularization"":0.0,""learning_rate"":0.1,""max_iter"":500,""max_leaf_nodes"":31,""min_samples_leaf"":20,""random_state"":20240920}",1,0.0901689806881
0,15,"{""l2_regularization"":0.0,""learning_rate"":0.1,""max_iter"":500,""max_leaf_nodes"":31,""min_samples_leaf"":20,""random_state"":20240920}",2,0.0896949065493
0,15,"{""l2_regularization"":0.0,""learning_rate"":0.1,""max_iter"":500,""max_leaf_nodes"":31,""min_samples_leaf"":20,""random_state"":20240920}",mean,0.0909957692603
0,16,"{""l2_regularization"":1.0,""learning_rate"":0.1,""max_iter"":500,""max_leaf_nodes"":15,""min_samples_leaf"":20,""random_state"":20240920}",0,0.0869988442253
0,16,"{""l2_regularization"":1.0,""learning_rate"":0.1,""max_iter"":500,""max_leaf_nodes"":15,""min_samples_leaf"":20,""random_state"":20240920}",1,0.0870477110969
0,16,"{""l2_regularization"":1.0,""learning_rate"":0.1,""max_iter"":500,""max_leaf_nodes"":15,""min_samples_leaf"":20,""random_state"":20240920}",2,0.090245919892
0,16,"{""l2_regularization"":1.0,""learning_rate"":0.1,""max_iter"":500,""max_leaf_nodes"":15,""min_samples_leaf"":20,""random_state"":20240920}",mean,0.0880974917381
0,17,"{""l2_regularization"":1.0,""learning_rate"":0.06,""max_iter"":500,""max_leaf_nodes"":31,""min_samples_leaf"":20,""random_state"":20240920}",0,0.0900634645488
0,17,"{""l2_regularization"":1.0,""learning_rate"":0.06,""max_iter"":500,""max_leaf_nodes"":31,""min_samples_leaf"":20,""random_state"":20240920}",1,0.0918240231902
0,17,"{""l2_regularization"":1.0,""learning_rate"":0.06,""max_iter"":500,""max_leaf_nodes"":31,""min_samples_leaf"":20,""random_state"":20240920}",2,0.0867150419393
0,17,"{""l2_regularization"":1.0,""learning_rate"":0.06,""max_iter"":500,""max_leaf_nodes"":31,""min_samples_leaf"":20,""random_state"":20240920}",mean,0.0895341765594
1,0,"{""l2_regularization"":1.0,""learning_rate"":0.06,""max_iter"":500,""max_leaf_nodes"":15,""min_samples_leaf"":20,""random_state"":20240920}",0,0.0962097393656
1,0,"{""l2_regularization"":1.0,""learning_rate"":0.06,""max_iter"":500,""max_leaf_nodes"":15,""min_samples_leaf"":20,""random_state"":20240920}",1,0.0980896431425
1,0,"{""l2_regularization"":1.0,""learning_rate"":0.06,""max_iter"":500,""max_leaf_nodes"":15,""min_samples_leaf"":20,""random_state"":20240920}",2,0.0900289481806
1,0,"{""l2_regularization"":1.0,""learning_rate"":0.06,""max_iter"":500,""max_leaf_nodes"":15,""min_samples_leaf"":20,""random_state"":20240920}",mean,0.0947761102296
1,1,"{""l2_regularization"":0.0,""learning_rate"":0.06,""max_iter"":500,""max_leaf_nodes"":31,""min_samples_leaf"":50,""random_state"":20240920}",0,0.0899858005512
1,1,"{""l2_regularization"":0.0,""learning_rate"":0.06,""max_iter"":500,""max_leaf_nodes"":31,""min_samples_leaf"":50,""random_state"":20240920}",1,0.0931468757392
1,1,"{""l2_regularization"":0.0,""learning_rate"":0.06,""max_iter"":500,""max_leaf_nodes"":31,""min_samples_leaf"":50,""random_state"":20240920}",2,0.0841968135799
1,1,"{""l2_regularization"":0.0,""learning_rate"":0.06,""max_iter"":500,""max_leaf_nodes"":31,""min_samples_leaf"":50,""random_state"":20240920}",mean,0.0891098299568
1,2,"{""l2_regularization"":0.0,""learning_rate"":0.06,""max_iter"":500,""max_leaf_nodes"":15,""min_samples_leaf"":50,""random_state"":20240920}",0,0.0942824482804
1,2,"{""l2_regularization"":0.0,""learning_rate"":0.06,""max_iter"":500,""max_leaf_nodes"":15,""min_samples_leaf"":50,""random_state"":20240920}",1,0.0968157522109
1,2,"{""l2_regularization"":0.0,""learning_rate"":0.06,""max_iter"":500,""max_leaf_nodes"":15,""min_samples_leaf"":50,""random_state"":20240920}",2,0.0898294376509
1,2,"{""l2_regularization"":0.0,""learning_rate"":0.06,""max_iter"":500,""max_leaf_nodes"":15,""min_samples_leaf"":50,""random_state"":20240920}",mean,0.0936425460474
1,3,"{""l2_regularization"":0.0,""learning_rate"":0.1,""max_iter"":500,""max_leaf_nodes"":31,""min_samples_leaf"":50,""random_state"":20240920}",0,0.0912633375682
1,3,"{""l2_regularization"":0.0,""learning_rate"":0.1,""max_iter"":500,""max_leaf_nodes"":31,""min_samples_leaf"":50,""random_state"":20240920}",1,0.0925520608598
1,3,"{""l2_regularization"":0.0,""learning_rate"":0.1,""max_iter"":500,""max_leaf_nodes"":31,""min_samples_leaf"":50,""random_state"":20240920}",2,0.0857734425853
1,3,"{""l2_regularization"":0.0,""learning_rate"":0.1,""max_iter"":500,""max_leaf_nodes"":31,""min_samples_leaf"":50,""random_state"":20240920}",mean,0.0898629470044
1,4,"{""l2_regularization"":1.0,""learning_rate"":0.03,""max_iter"":500,""max_leaf_nodes"":31,""min_samples_leaf"":20,""random_state"":20240920}",0,0.0981850852115
1,4,"{""l2_regularization"":1.0,""learning_rate"":0.03,""max_iter"":500,""max_leaf_nodes"":31,""min_samples_leaf"":20,""random_state"":20240920}",1,0.0992109567735
1,4,"{""l2_regularization"":1.0,""learning_rate"":0.03,""max_iter"":500,""max_leaf_nodes"":31,""min_samples_leaf"":20,""random_state"":20240920}",2,0.0949655241799
1,4,"{""l2_regularization"":1.0,""learning_rate"":0.03,""max_iter"":500,""max_leaf_nodes"":31,""min_samples_leaf"":20,""random_state"":20240920}",mean,0.0974538553883
1,5,"{""l2_regularization"":1.0,""learning_rate"":0.06,""max_iter"":500,""max_leaf_nodes"":15,""min_samples_leaf"":50,""random_state"":20240920}",0,0.0959059552099
1,5,"{""l2_regularization"":1.0,""learning_rate"":0.06,""max_iter"":500,""max_leaf_nodes"":15,""min_samples_leaf"":50,""random_state"":20240920}",1,0.0978219607485
1,5,"{""l2_regularization"":1.0,""learning_rate"":0.06,""max_iter"":500,""max_leaf_nodes"":15,""min_samples_leaf"":50,""random_state"":20240920}",2,0.0916856769336
1,5,"{""l2_regularization"":1.0,""learning_rate"":0.06,""max_iter"":500,""max_leaf_nodes"":15,""min_samples_leaf"":50,""random_state"":20240920}",mean,0.0951378642973
1,6,"{""l2_regularization"":5.0,""learning_rate"":0.03,""max_iter"":500,""max_leaf_nodes"":15,""min_samples_leaf"":20,""random_state"":20240920}",0,0.108036196821
1,6,"{""l2_regularization"":5.0,""learning_rate"":0.03,""max_iter"":500,""max_leaf_nodes"":15,""min_samples_leaf"":20,""random_state"":20240920}",1,0.111094875787
1,6,"{""l2_regularization"":5.0,""learning_rate"":0.03,""max_iter"":500,""max_leaf_nodes"":15,""min_samples_leaf"":20,""random_state"":20240920}",2,0.107050951629
1,6,"{""l2_regularization"":5.0,""learning_rate"":0.03,""max_iter"":500,""max_leaf_nodes"":15,""min_samples_leaf"":20,""random_state"":20240920}",mean,0.108727341412
1,7,"{""l2_regularization"":0.0,""learning_rate"":0.1,""max_iter"":500,""max_leaf_nodes"":15,""min_samples_leaf"":20,""random_state"":20240920}",0,0.0937806194348
1,7,"{""l2_regularization"":0.0,""learning_rate"":0.1,""max_iter"":500,""max_leaf_nodes"":15,""min_samples_leaf"":20,""random_state"":20240920}",1,0.0961048583863
1,7,"{""l2_regularization"":0.0,""learning_rate"":0.1,""max_iter"":500,""max_leaf_nodes"":15,""min_samples_leaf"":20,""random_state"":20240920}",2,0.0890704906895
1,7,"{""l2_regularization"":0.0,""learning_rate"":0.1,""max_iter"":500,""max_leaf_nodes"":15,""min_samples_leaf"":20,""random_state"":20240920}",mean,0.0929853228369
1,8,"{""l2_regularization"":5.0,""learning_rate"":0.06,""max_iter"":500,""max_leaf_nodes"":31,""min_samples_leaf"":50,""random_state"":20240920}",0,0.0913897123449
1,8,"{""l2_regularization"":5.0,""learning_rate"":0.06,""max_iter"":500,""max_leaf_nodes"":31,""min_samples_leaf"":50,""random_state"":20240920}",1,0.0935006694401
1,8,"{""l2_regularization"":5.0,""learning_rate"":0.06,""max_iter"":500,""max_leaf_nodes"":31,""min_samples_leaf"":50,""random_state"":20240920}",2,0.0870197544394
1,8,"{""l2_regularization"":5.0,""learning_rate"":0.06,""max_iter"":500,""max_leaf_nodes"":31,""min_samples_leaf"":50,""random_state"":20240920}",mean,0.0906367120748
1,9,"{""l2_regularization"":0.0,""learning_rate"":0.03,""max_iter"":500,""max_leaf_nodes"":15,""min_samples_leaf"":50,""random_state"":20240920}",0,0.106187598692
1,9,"{""l2_regularization"":0.0,""learning_rate"":0.03,""max_iter"":500,""max_leaf_nodes"":15,""min_samples_leaf"":50,""random_state"":20240920}",1,0.108746281006
1,9,"{""l2_regularization"":0.0,""learning_rate"":0.03,""max_iter"":500,""max_leaf_nodes"":15,""min_samples_leaf"":50,""random_state"":20240920}",2,0.104081166224
1,9,"{""l2_regularization"":0.0,""learning_rate"":0.03,""max_iter"":500,""max_leaf_nodes"":15,""min_samples_leaf"":50,""random_state"":20240920}",mean,0.106338348641
1,10,"{""l2_regularization"":5.0,""learning_rate"":0.1,""max_iter"":500,""max_leaf_nodes"":15,""min_samples_leaf"":20,""random_state"":20240920}",0,0.0915114478171
1,10,"{""l2_regularization"":5.0,""learning_rate"":0.1,""max_iter"":500,""max_leaf_nodes"":15,""min_samples_leaf"":20,""random_state"":20240920}",1,0.0941777633807
1,10,"{""l2_regularization"":5.0,""learning_rate"":0.1,""max_iter"":500,""max_leaf_nodes"":15,""min_samples_leaf"":20,""random_state"":20240920}",2,0.0894509873718
1,10,"{""l2_regularization"":5.0,""learning_rate"":0.1,""max_iter"":500,""max_leaf_nodes"":15,""min_samples_leaf"":20,""random_state"":20240920}",mean,0.0917133995232
1,11,"{""l2_regularization"":5.0,""learning_rate"":0.1,""max_iter"":500,""max_leaf_nodes"":15,""min_samples_leaf"":50,""random_state"":20240920}",0,0.0915476101636
1,11,"{""l2_regularization"":5.0,""learning_rate"":0.1,""max_iter"":500,""max_leaf_nodes"":15,""min_samples_leaf"":50,""random_state"":20240920}",1,0.0945152312122
1,11,"{""l2_regularization"":5.0,""learning_rate"":0.1,""max_iter"":500,""max_leaf_nodes"":15,""min_samples_leaf"":50,""random_state"":20240920}",2,0.0866170435509
1,11,"{""l2_regularization"":5.0,""learning_rate"":0.1,""max_iter"":500,""max_leaf_nodes"":15,""min_samples_leaf"":50,""random_state"":20240920}",mean,0.0908932949756
1,12,"{""l2_regularization"":5.0,""learning_rate"":0.06,""max_iter"":500,""max_leaf_nodes"":15,""min_samples_leaf"":50,""random_state"":20240920}",0,0.0954759745171
1,12,"{""l2_regularization"":5.0,""learning_rate"":0.06,""max_iter"":500,""max_leaf_nodes"":15,""min_samples_leaf"":50,""random_state"":20240920}",1,0.0945128880625
1,12,"{""l2_regularization"":5.0,""learning_rate"":0.06,""max_iter"":500,""max_leaf_nodes"":15,""min_samples_leaf"":50,""random_state"":20240920}",2,0.0923484400776
1,12,"{""l2_regularization"":5.0,""learning_rate"":0.06,""max_iter"":500,""max_leaf_nodes"":15,""min_samples_leaf"":50,""random_state"":20240920}",mean,0.0941124342191
1,13,"{""l2_regularization"":0.0,""learning_rate"":0.03,""max_iter"":500,""max_leaf_nodes"":31,""min_samples_leaf"":50,""random_state"":20240920}",0,0.0952968560578
1,13,"{""l2_regularization"":0.0,""learning_rate"":0.03,""max_iter"":500,""max_leaf_nodes"":31,""min_samples_leaf"":50,""random_state"":20240920}",1,0.101024188554
1,13,"{""l2_regularization"":0.0,""learning_rate"":0.03,""max_iter"":500,""max_leaf_nodes"":31,""min_samples_leaf"":50,""random_state"":20240920}",2,0.0923982860845
1,13,"{""l2_regularization"":0.0,""learning_rate"":0.03,""max_iter"":500,""max_leaf_nodes"":31,""min_samples_leaf"":50,""random_state"":20240920}",mean,0.0962397768987
1,14,"{""l2_regularization"":0.0,""learning_rate"":0.03,""max_iter"":500,""max_leaf_nodes"":15,""min_samples_leaf"":20,""random_state"":20240920}",0,0.107744090332
1,14,"{""l2_regularization"":0.0,""learning_rate"":0.03,""max_iter"":500,""max_leaf_nodes"":15,""min_samples_leaf"":20,""random_state"":20240920}",1,0.10937563795
1,14,"{""l2_regularization"":0.0,""learning_rate"":0.03,""max_iter"":500,""max_leaf_nodes"":15,""min_samples_leaf"":20,""random_state"":20240920}",2,0.104875655565
1,14,"{""l2_regularization"":0.0,""learning_rate"":0.03,""max_iter"":500,""max_leaf_nodes"":15,""min_samples_leaf"":20,""random_state"":20240920}",mean,0.107331794615
1,15,"{""l2_regularization"":0.0,""learning_rate"":0.1,""max_iter"":500,""max_leaf_nodes"":31,""min_samples_leaf"":20,""random_state"":20240920}",0,0.0931068958422
1,15,"{""l2_regularization"":0.0,""learning_rate"":0.1,""max_iter"":500,""max_leaf_nodes"":31,""min_samples_leaf"":20,""random_state"":20240920}",1,0.0936597016486
1,15,"{""l2_regularization"":0.0,""learning_rate"":0.1,""max_iter"":500,""max_leaf_nodes"":31,""min_samples_leaf"":20,""random_state"":20240920}",2,0.0846668390248
1,15,"{""l2_regularization"":0.0,""learning_rate"":0.1,""max_iter"":500,""max_leaf_nodes"":31,""min_samples_leaf"":20,""random_state"":20240920}",mean,0.0904778121719
1,16,"{""l2_regularization"":1.0,""learning_rate"":0.1,""max_iter"":500,""max_leaf_nodes"":15,""min_samples_leaf"":20,""random_state"":20240920}",0,0.0918440622364
1,16,"{""l2_regularization"":1.0,""learning_rate"":0.1,""max_iter"":500,""max_leaf_nodes"":15,""min_samples_leaf"":20,""random_state"":20240920}",1,0.0921707894405
1,16,"{""l2_regularization"":1.0,""learning_rate"":0.1,""max_iter"":500,""max_leaf_nodes"":15,""min_samples_leaf"":20,""random_state"":20240920}",2,0.087957863501
1,16,"{""l2_regularization"":1.0,""learning_rate"":0.1,""max_iter"":500,""max_leaf_nodes"":15,""min_samples_leaf"":20,""random_state"":20240920}",mean,0.090657571726
1,17,"{""l2_regularization"":1.0,""learning_rate"":0.06,""max_iter"":500,""max_leaf_nodes"":31,""min_samples_leaf"":20,""random_state"":20240920}",0,0.0905253519535
1,17,"{""l2_regularization"":1.0,""learning_rate"":0.06,""max_iter"":500,""max_leaf_nodes"":31,""min_samples_leaf"":20,""random_state"":20240920}",1,0.0909822491974
1,17,"{""l2_regularization"":1.0,""learning_rate"":0.06,""max_iter"":500,""max_leaf_nodes"":31,""min_samples_leaf"":20,""random_state"":20240920}",2,0.0848392249047
1,17,"{""l2_regularization"":1.0,""learning_rate"":0.06,""max_iter"":500,""max_leaf_nodes"":31,""min_samples_leaf"":20,""random_state"":20240920}",mean,0.0887822753519
2,0,"{""l2_regularization"":1.0,""learning_rate"":0.06,""max_iter"":500,""max_leaf_nodes"":15,""min_samples_leaf"":20,""random_state"":20240920}",0,0.0912211539059
2,0,"{""l2_regularization"":1.0,""learning_rate"":0.06,""max_iter"":500,""max_leaf_nodes"":15,""min_samples_leaf"":20,""random_state"":20240920}",1,0.0974323009782
2,0,"{""l2_regularization"":1.0,""learning_rate"":0.06,""max_iter"":500,""max_leaf_nodes"":15,""min_samples_leaf"":20,""random_state"":20240920}",2,0.0930490732141
2,0,"{""l2_regularization"":1.0,""learning_rate"":0.06,""max_iter"":500,""max_leaf_nodes"":15,""min_samples_leaf"":20,""random_state"":20240920}",mean,0.0939008426994
2,1,"{""l2_regularization"":0.0,""learning_rate"":0.06,""max_iter"":500,""max_leaf_nodes"":31,""min_samples_leaf"":50,""random_state"":20240920}",0,0.0871308698474
2,1,"{""l2_regularization"":0.0,""learning_rate"":0.06,""max_iter"":500,""max_leaf_nodes"":31,""min_samples_leaf"":50,""random_state"":20240920}",1,0.0895709589973
2,1,"{""l2_regularization"":0.0,""learning_rate"":0.06,""max_iter"":500,""max_leaf_nodes"":31,""min_samples_leaf"":50,""random_state"":20240920}",2,0.0904302171257
2,1,"{""l2_regularization"":0.0,""learning_rate"":0.06,""max_iter"":500,""max_leaf_nodes"":31,""min_samples_leaf"":50,""random_state"":20240920}",mean,0.0890440153234
2,2,"{""l2_regularization"":0.0,""learning_rate"":0.06,""max_iter"":500,""max_leaf_nodes"":15,""min_samples_leaf"":50,""random_state"":20240920}",0,0.0916115579558
2,2,"{""l2_regularization"":0.0,""learning_rate"":0.06,""max_iter"":500,""max_leaf_nodes"":15,""min_samples_leaf"":50,""random_state"":20240920}",1,0.0974982023303
2,2,"{""l2_regularization"":0.0,""learning_rate"":0.06,""max_iter"":500,""max_leaf_nodes"":15,""min_samples_leaf"":50,""random_state"":20240920}",2,0.0901230459816
2,2,"{""l2_regularization"":0.0,""learning_rate"":0.06,""max_iter"":500,""max_leaf_nodes"":15,""min_samples_leaf"":50,""random_state"":20240920}",mean,0.0930776020892
2,3,"{""l2_regularization"":0.0,""learning_rate"":0.1,""max_iter"":500,""max_leaf_nodes"":31,""min_samples_leaf"":50,""random_state"":20240920}",0,0.0891129821896
2,3,"{""l2_regularization"":0.0,""learning_rate"":0.1,""max_iter"":500,""max_leaf_nodes"":31,""min_samples_leaf"":50,""random_state"":20240920}",1,0.0881829213817
2,3,"{""l2_regularization"":0.0,""learning_rate"":0.1,""max_iter"":500,""max_leaf_nodes"":31,""min_samples_leaf"":50,""random_state"":20240920}",2,0.088796205988
2,3,"{""l2_regularization"":0.0,""learning_rate"":0.1,""max_iter"":500,""max_leaf_nodes"":31,""min_samples_leaf"":50,""random_state"":20240920}",mean,0.0886973698531
2,4,"{""l2_regularization"":1.0,""learning_rate"":0.03,""max_iter"":500,""max_leaf_nodes"":31,""min_samples_leaf"":20,""random_state"":20240920}",0,0.0919256210948
2,4,"{""l2_regularization"":1.0,""learning_rate"":0.03,""max_iter"":500,""max_leaf_nodes"":31,""min_samples_leaf"":20,""random_state"":20240920}",1,0.09844908477
2,4,"{""l2_regularization"":1.0,""learning_rate"":0.03,""max_iter"":500,""max_leaf_nodes"":31,""min_samples_leaf"":20,""random_state"":20240920}",2,0.0982499799395
2,4,"{""l2_regularization"":1.0,""learning_rate"":0.03,""max_iter"":500,""max_leaf_nodes"":31,""min_samples_leaf"":20,""random_state"":20240920}",mean,0.0962082286014
2,5,"{""l2_regularization"":1.0,""learning_rate"":0.06,""max_iter"":500,""max_leaf_nodes"":15,""min_samples_leaf"":50,""random_state"":20240920}",0,0.0925074249635
2,5,"{""l2_regularization"":1.0,""learning_rate"":0.06,""max_iter"":500,""max_leaf_nodes"":15,""min_samples_leaf"":50,""random_state"":20240920}",1,0.0968351594883
2,5,"{""l2_regularization"":1.0,""learning_rate"":0.06,""max_iter"":500,""max_leaf_nodes"":15,""min_samples_leaf"":50,""random_state"":20240920}",2,0.0938798601253
2,5,"{""l2_regularization"":1.0,""learning_rate"":0.06,""max_iter"":500,""max_leaf_nodes"":15,""min_samples_leaf"":50,""random_state"":20240920}",mean,0.0944074815257
2,6,"{""l2_regularization"":5.0,""learning_rate"":0.03,""max_iter"":500,""max_leaf_nodes"":15,""min_samples_leaf"":20,""random_state"":20240920}",0,0.106965954141
2,6,"{""l2_regularization"":5.0,""learning_rate"":0.03,""max_iter"":500,""max_leaf_nodes"":15,""min_samples_leaf"":20,""random_state"":20240920}",1,0.113705082752
2,6,"{""l2_regularization"":5.0,""learning_rate"":0.03,""max_iter"":500,""max_leaf_nodes"":15,""min_samples_leaf"":20,""random_state"":20240920}",2,0.106663965749
2,6,"{""l2_regularization"":5.0,""learning_rate"":0.03,""max_iter"":500,""max_leaf_nodes"":15,""min_samples_leaf"":20,""random_state"":20240920}",mean,0.109111667547
2,7,"{""l2_regularization"":0.0,""learning_rate"":0.1,""max_iter"":500,""max_leaf_nodes"":15,""min_samples_leaf"":20,""random_state"":20240920}",0,0.0851097651103
2,7,"{""l2_regularization"":0.0,""learning_rate"":0.1,""max_iter"":500,""max_leaf_nodes"":15,""min_samples_leaf"":20,""random_state"":20240920}",1,0.0909848083571
2,7,"{""l2_regularization"":0.0,""learning_rate"":0.1,""max_iter"":500,""max_leaf_nodes"":15,""min_samples_leaf"":20,""random_state"":20240920}",2,0.0890517024882
2,7,"{""l2_regularization"":0.0,""learning_rate"":0.1,""max_iter"":500,""max_leaf_nodes"":15,""min_samples_leaf"":20,""random_state"":20240920}",mean,0.0883820919852
2,8,"{""l2_regularization"":5.0,""learning_rate"":0.06,""max_iter"":500,""max_leaf_nodes"":31,""min_samples_leaf"":50,""random_state"":20240920}",0,0.0871376158482
2,8,"{""l2_regularization"":5.0,""learning_rate"":0.06,""max_iter"":500,""max_leaf_nodes"":31,""min_samples_leaf"":50,""random_state"":20240920}",1,0.0906116551222
2,8,"{""l2_regularization"":5.0,""learning_rate"":0.06,""max_iter"":500,""max_leaf_nodes"":31,""min_samples_leaf"":50,""random_state"":20240920}",2,0.0887985590053
2,8,"{""l2_regularization"":5.0,""learning_rate"":0.06,""max_iter"":500,""max_leaf_nodes"":31,""min_samples_leaf"":50,""random_state"":20240920}",mean,0.0888492766586
2,9,"{""l2_regularization"":0.0,""learning_rate"":0.03,""max_iter"":500,""max_leaf_nodes"":15,""min_samples_leaf"":50,""random_state"":20240920}",0,0.104714375259
2,9,"{""l2_regularization"":0.0,""learning_rate"":0.03,""max_iter"":500,""max_leaf_nodes"":15,""min_samples_leaf"":50,""random_state"":20240920}",1,0.114205314379
2,9,"{""l2_regularization"":0.0,""learning_rate"":0.03,""max_iter"":500,""max_leaf_nodes"":15,""min_samples_leaf"":50,""random_state"":20240920}",2,0.104808674429
2,9,"{""l2_regularization"":0.0,""learning_rate"":0.03,""max_iter"":500,""max_leaf_nodes"":15,""min_samples_leaf"":50,""random_state"":20240920}",mean,0.107909454689
2,10,"{""l2_regularization"":5.0,""learning_rate"":0.1,""max_iter"":500,""max_leaf_nodes"":15,""min_samples_leaf"":20,""random_state"":20240920}",0,0.0843399237042
2,10,"{""l2_regularization"":5.0,""learning_rate"":0.1,""max_iter"":500,""max_leaf_nodes"":15,""min_samples_leaf"":20,""random_state"":20240920}",1,0.0940717621039
2,10,"{""l2_regularization"":5.0,""learning_rate"":0.1,""max_iter"":500,""max_leaf_nodes"":15,""min_samples_leaf"":20,""random_state"":20240920}",2,0.0925460678941
2,10,"{""l2_regularization"":5.0,""learning_rate"":0.1,""max_iter"":500,""max_leaf_nodes"":15,""min_samples_leaf"":20,""random_state"":20240920}",mean,0.0903192512341
2,11,"{""l2_regularization"":5.0,""learning_rate"":0.1,""max_iter"":500,""max_leaf_nodes"":15,""min_samples_leaf"":50,""random_state"":20240920}",0,0.0850345474586
2,11,"{""l2_regularization"":5.0,""learning_rate"":0.1,""max_iter"":500,""max_leaf_nodes"":15,""min_samples_leaf"":50,""random_state"":20240920}",1,0.0913375829858
2,11,"{""l2_regularization"":5.0,""learning_rate"":0.1,""max_iter"":500,""max_leaf_nodes"":15,""min_samples_leaf"":50,""random_state"":20240920}",2,0.0927918702201
2,11,"{""l2_regularization"":5.0,""learning_rate"":0.1,""max_iter"":500,""max_leaf_nodes"":15,""min_samples_leaf"":50,""random_state"":20240920}",mean,0.0897213335548
2,12,"{""l2_regularization"":5.0,""learning_rate"":0.06,""max_iter"":500,""max_leaf_nodes"":15,""min_samples_leaf"":50,""random_state"":20240920}",0,0.0915477036181
2,12,"{""l2_regularization"":5.0,""learning_rate"":0.06,""max_iter"":500,""max_leaf_nodes"":15,""min_samples_leaf"":50,""random_state"":20240920}",1,0.0980405436399
2,12,"{""l2_regularization"":5.0,""learning_rate"":0.06,""max_iter"":500,""max_leaf_nodes"":15,""min_samples_leaf"":50,""random_state"":20240920}",2,0.0961549147271
2,12,"{""l2_regularization"":5.0,""learning_rate"":0.06,""max_iter"":500,""max_leaf_nodes"":15,""min_samples_leaf"":50,""random_state"":20240920}",mean,0.0952477206617
2,13,"{""l2_regularization"":0.0,""learning_rate"":0.03,""max_iter"":500,""max_leaf_nodes"":31,""min_samples_leaf"":50,""random_state"":20240920}",0,0.0923106993248
2,13,"{""l2_regularization"":0.0,""learning_rate"":0.03,""max_iter"":500,""max_leaf_nodes"":31,""min_samples_leaf"":50,""random_state"":20240920}",1,0.0981053955446
2,13,"{""l2_regularization"":0.0,""learning_rate"":0.03,""max_iter"":500,""max_leaf_nodes"":31,""min_samples_leaf"":50,""random_state"":20240920}",2,0.0971007832432
2,13,"{""l2_regularization"":0.0,""learning_rate"":0.03,""max_iter"":500,""max_leaf_nodes"":31,""min_samples_leaf"":50,""random_state"":20240920}",mean,0.0958389593709
2,14,"{""l2_regularization"":0.0,""learning_rate"":0.03,""max_iter"":500,""max_leaf_nodes"":15,""min_samples_leaf"":20,""random_state"":20240920}",0,0.105495516322
2,14,"{""l2_regularization"":0.0,""learning_rate"":0.03,""max_iter"":500,""max_leaf_nodes"":15,""min_samples_leaf"":20,""random_state"":20240920}",1,0.113635246795
2,14,"{""l2_regularization"":0.0,""learning_rate"":0.03,""max_iter"":500,""max_leaf_nodes"":15,""min_samples_leaf"":20,""random_state"":20240920}",2,0.102697719342
2,14,"{""l2_regularization"":0.0,""learning_rate"":0.03,""max_iter"":500,""max_leaf_nodes"":15,""min_samples_leaf"":20,""random_state"":20240920}",mean,0.10727616082
2,15,"{""l2_regularization"":0.0,""learning_rate"":0.1,""max_iter"":500,""max_leaf_nodes"":31,""min_samples_leaf"":20,""random_state"":20240920}",0,0.0884030355269
2,15,"{""l2_regularization"":0.0,""learning_rate"":0.1,""max_iter"":500,""max_leaf_nodes"":31,""min_samples_leaf"":20,""random_state"":20240920}",1,0.0914506032858
2,15,"{""l2_regularization"":0.0,""learning_rate"":0.1,""max_iter"":500,""max_leaf_nodes"":31,""min_samples_leaf"":20,""random_state"":20240920}",2,0.0932392696322
2,15,"{""l2_regularization"":0.0,""learning_rate"":0.1,""max_iter"":500,""max_leaf_nodes"":31,""min_samples_leaf"":20,""random_state"":20240920}",mean,0.0910309694816
2,16,"{""l2_regularization"":1.0,""learning_rate"":0.1,""max_iter"":500,""max_leaf_nodes"":15,""min_samples_leaf"":20,""random_state"":20240920}",0,0.0839916779445
2,16,"{""l2_regularization"":1.0,""learning_rate"":0.1,""max_iter"":500,""max_leaf_nodes"":15,""min_samples_leaf"":20,""random_state"":20240920}",1,0.0893843833307
2,16,"{""l2_regularization"":1.0,""learning_rate"":0.1,""max_iter"":500,""max_leaf_nodes"":15,""min_samples_leaf"":20,""random_state"":20240920}",2,0.0866534534121
2,16,"{""l2_regularization"":1.0,""learning_rate"":0.1,""max_iter"":500,""max_leaf_nodes"":15,""min_samples_leaf"":20,""random_state"":20240920}",mean,0.0866765048958
2,17,"{""l2_regularization"":1.0,""learning_rate"":0.06,""max_iter"":500,""max_leaf_nodes"":31,""min_samples_leaf"":20,""random_state"":20240920}",0,0.0865888060889
2,17,"{""l2_regularization"":1.0,""learning_rate"":0.06,""max_iter"":500,""max_leaf_nodes"":31,""min_samples_leaf"":20,""random_state"":20240920}",1,0.0919638992445
2,17,"{""l2_regularization"":1.0,""learning_rate"":0.06,""max_iter"":500,""max_leaf_nodes"":31,""min_samples_leaf"":20,""random_state"":20240920}",2,0.0897404236412
2,17,"{""l2_regularization"":1.0,""learning_rate"":0.06,""max_iter"":500,""max_leaf_nodes"":31,""min_samples_leaf"":20,""random_state"":20240920}",mean,0.0894310429915
3,0,"{""l2_regularization"":1.0,""learning_rate"":0.06,""max_iter"":500,""max_leaf_nodes"":15,""min_samples_leaf"":20,""random_state"":20240920}",0,0.0935600783118
3,0,"{""l2_regularization"":1.0,""learning_rate"":0.06,""max_iter"":500,""max_leaf_nodes"":15,""min_samples_leaf"":20,""random_state"":20240920}",1,0.0986662181712
3,0,"{""l2_regularization"":1.0,""learning_rate"":0.06,""max_iter"":500,""max_leaf_nodes"":15,""min_samples_leaf"":20,""random_state"":20240920}",2,0.0893692400639
3,0,"{""l2_regularization"":1.0,""learning_rate"":0.06,""max_iter"":500,""max_leaf_nodes"":15,""min_samples_leaf"":20,""random_state"":20240920}",mean,0.093865178849
3,1,"{""l2_regularization"":0.0,""learning_rate"":0.06,""max_iter"":500,""max_leaf_nodes"":31,""min_samples_leaf"":50,""random_state"":20240920}",0,0.0853878879878
3,1,"{""l2_regularization"":0.0,""learning_rate"":0.06,""max_iter"":500,""max_leaf_nodes"":31,""min_samples_leaf"":50,""random_state"":20240920}",1,0.0910277567586
3,1,"{""l2_regularization"":0.0,""learning_rate"":0.06,""max_iter"":500,""max_leaf_nodes"":31,""min_samples_leaf"":50,""random_state"":20240920}",2,0.0876847247769
3,1,"{""l2_regularization"":0.0,""learning_rate"":0.06,""max_iter"":500,""max_leaf_nodes"":31,""min_samples_leaf"":50,""random_state"":20240920}",mean,0.0880334565078
3,2,"{""l2_regularization"":0.0,""learning_rate"":0.06,""max_iter"":500,""max_leaf_nodes"":15,""min_samples_leaf"":50,""random_state"":20240920}",0,0.0912555350394
3,2,"{""l2_regularization"":0.0,""learning_rate"":0.06,""max_iter"":500,""max_leaf_nodes"":15,""min_samples_leaf"":50,""random_state"":20240920}",1,0.101662507774
3,2,"{""l2_regularization"":0.0,""learning_rate"":0.06,""max_iter"":500,""max_leaf_nodes"":15,""min_samples_leaf"":50,""random_state"":20240920}",2,0.0888826258614
3,2,"{""l2_regularization"":0.0,""learning_rate"":0.06,""max_iter"":500,""max_leaf_nodes"":15,""min_samples_leaf"":50,""random_state"":20240920}",mean,0.093933556225
3,3,"{""l2_regularization"":0.0,""learning_rate"":0.1,""max_iter"":500,""max_leaf_nodes"":31,""min_samples_leaf"":50,""random_state"":20240920}",0,0.0874731740355
3,3,"{""l2_regularization"":0.0,""learning_rate"":0.1,""max_iter"":500,""max_leaf_nodes"":31,""min_samples_leaf"":50,""random_state"":20240920}",1,0.0930447349747
3,3,"{""l2_regularization"":0.0,""learning_rate"":0.1,""max_iter"":500,""max_leaf_nodes"":31,""min_samples_leaf"":50,""random_state"":20240920}",2,0.0904290713449
3,3,"{""l2_regularization"":0.0,""learning_rate"":0.1,""max_iter"":500,""max_leaf_nodes"":31,""min_samples_leaf"":50,""random_state"":20240920}",mean,0.0903156601184
3,4,"{""l2_regularization"":1.0,""learning_rate"":0.03,""max_iter"":500,""max_leaf_nodes"":31,""min_samples_leaf"":20,""random_state"":20240920}",0,0.0933418841365
3,4,"{""l2_regularization"":1.0,""learning_rate"":0.03,""max_iter"":500,""max_leaf_nodes"":31,""min_samples_leaf"":20,""random_state"":20240920}",1,0.099235526389
3,4,"{""l2_regularization"":1.0,""learning_rate"":0.03,""max_iter"":500,""max_leaf_nodes"":31,""min_samples_leaf"":20,""random_state"":20240920}",2,0.0963906876621
3,4,"{""l2_regularization"":1.0,""learning_rate"":0.03,""max_iter"":500,""max_leaf_nodes"":31,""min_samples_leaf"":20,""random_state"":20240920}",mean,0.0963226993959
3,5,"{""l2_regularization"":1.0,""learning_rate"":0.06,""max_iter"":500,""max_leaf_nodes"":15,""min_samples_leaf"":50,""random_state"":20240920}",0,0.0940618081746
3,5,"{""l2_regularization"":1.0,""learning_rate"":0.06,""max_iter"":500,""max_leaf_nodes"":15,""min_samples_leaf"":50,""random_state"":20240920}",1,0.0985325330372
3,5,"{""l2_regularization"":1.0,""learning_rate"":0.06,""max_iter"":500,""max_leaf_nodes"":15,""min_samples_leaf"":50,""random_state"":20240920}",2,0.0888415196134
3,5,"{""l2_regularization"":1.0,""learning_rate"":0.06,""max_iter"":500,""max_leaf_nodes"":15,""min_samples_leaf"":50,""random_state"":20240920}",mean,0.0938119536084
3,6,"{""l2_regularization"":5.0,""learning_rate"":0.03,""max_iter"":500,""max_leaf_nodes"":15,""min_samples_leaf"":20,""random_state"":20240920}",0,0.105866451691
3,6,"{""l2_regularization"":5.0,""learning_rate"":0.03,""max_iter"":500,""max_leaf_nodes"":15,""min_samples_leaf"":20,""random_state"":20240920}",1,0.114439532406
3,6,"{""l2_regularization"":5.0,""learning_rate"":0.03,""max_iter"":500,""max_leaf_nodes"":15,""min_samples_leaf"":20,""random_state"":20240920}",2,0.104065234835
3,6,"{""l2_regularization"":5.0,""learning_rate"":0.03,""max_iter"":500,""max_leaf_nodes"":15,""min_samples_leaf"":20,""random_state"":20240920}",mean,0.108123739644
3,7,"{""l2_regularization"":0.0,""learning_rate"":0.1,""max_iter"":500,""max_leaf_nodes"":15,""min_samples_leaf"":20,""random_state"":20240920}",0,0.0880232350982
3,7,"{""l2_regularization"":0.0,""learning_rate"":0.1,""max_iter"":500,""max_leaf_nodes"":15,""min_samples_leaf"":20,""random_state"":20240920}",1,0.0930478520025
3,7,"{""l2_regularization"":0.0,""learning_rate"":0.1,""max_iter"":500,""max_leaf_nodes"":15,""min_samples_leaf"":20,""random_state"":20240920}",2,0.0879395422698
3,7,"{""l2_regularization"":0.0,""learning_rate"":0.1,""max_iter"":500,""max_leaf_nodes"":15,""min_samples_leaf"":20,""random_state"":20240920}",mean,0.0896702097902
3,8,"{""l2_regularization"":5.0,""learning_rate"":0.06,""max_iter"":500,""max_leaf_nodes"":31,""min_samples_leaf"":50,""random_state"":20240920}",0,0.0869882792806
3,8,"{""l2_regularization"":5.0,""learning_rate"":0.06,""max_iter"":500,""max_leaf_nodes"":31,""min_samples_leaf"":50,""random_state"":20240920}",1,0.0912370816049
3,8,"{""l2_regularization"":5.0,""learning_rate"":0.06,""max_iter"":500,""max_leaf_nodes"":31,""min_samples_leaf"":50,""random_state"":20240920}",2,0.089088420563
3,8,"{""l2_regularization"":5.0,""learning_rate"":0.06,""max_iter"":500,""max_leaf_nodes"":31,""min_samples_leaf"":50,""random_state"":20240920}",mean,0.0891045938162
3,9,"{""l2_regularization"":0.0,""learning_rate"":0.03,""max_iter"":500,""max_leaf_nodes"":15,""min_samples_leaf"":50,""random_state"":20240920}",0,0.105848421001
3,9,"{""l2_regularization"":0.0,""learning_rate"":0.03,""max_iter"":500,""max_leaf_nodes"":15,""min_samples_leaf"":50,""random_state"":20240920}",1,0.112660320596
3,9,"{""l2_regularization"":0.0,""learning_rate"":0.03,""max_iter"":500,""max_leaf_nodes"":15,""min_samples_leaf"":50,""random_state"":20240920}",2,0.102349079982
3,9,"{""l2_regularization"":0.0,""learning_rate"":0.03,""max_iter"":500,""max_leaf_nodes"":15,""min_samples_leaf"":50,""random_state"":20240920}",mean,0.106952607193
3,10,"{""l2_regularization"":5.0,""learning_rate"":0.1,""max_iter"":500,""max_leaf_nodes"":15,""min_samples_leaf"":20,""random_state"":20240920}",0,0.0880045085205
3,10,"{""l2_regularization"":5.0,""learning_rate"":0.1,""max_iter"":500,""max_leaf_nodes"":15,""min_samples_leaf"":20,""random_state"":20240920}",1,0.0942334618067
3,10,"{""l2_regularization"":5.0,""learning_rate"":0.1,""max_iter"":500,""max_leaf_nodes"":15,""min_samples_leaf"":20,""random_state"":20240920}",2,0.0869651323089
3,10,"{""l2_regularization"":5.0,""learning_rate"":0.1,""max_iter"":500,""max_leaf_nodes"":15,""min_samples_leaf"":20,""random_state"":20240920}",mean,0.0897343675454
3,11,"{""l2_regularization"":5.0,""learning_rate"":0.1,""max_iter"":500,""max_leaf_nodes"":15,""min_samples_leaf"":50,""random_state"":20240920}",0,0.0875358269206
3,11,"{""l2_regularization"":5.0,""learning_rate"":0.1,""max_iter"":500,""max_leaf_nodes"":15,""min_samples_leaf"":50,""random_state"":20240920}",1,0.0940001007676
3,11,"{""l2_regularization"":5.0,""learning_rate"":0.1,""max_iter"":500,""max_leaf_nodes"":15,""min_samples_leaf"":50,""random_state"":20240920}",2,0.0865425222159
3,11,"{""l2_regularization"":5.0,""learning_rate"":0.1,""max_iter"":500,""max_leaf_nodes"":15,""min_samples_leaf"":50,""random_state"":20240920}",mean,0.0893594833014
3,12,"{""l2_regularization"":5.0,""learning_rate"":0.06,""max_iter"":500,""max_leaf_nodes"":15,""min_samples_leaf"":50,""random_state"":20240920}",0,0.094318258872
3,12,"{""l2_regularization"":5.0,""learning_rate"":0.06,""max_iter"":500,""max_leaf_nodes"":15,""min_samples_leaf"":50,""random_state"":20240920}",1,0.101140164476
3,12,"{""l2_regularization"":5.0,""learning_rate"":0.06,""max_iter"":500,""max_leaf_nodes"":15,""min_samples_leaf"":50,""random_state"":20240920}",2,0.0886603787103
3,12,"{""l2_regularization"":5.0,""learning_rate"":0.06,""max_iter"":500,""max_leaf_nodes"":15,""min_samples_leaf"":50,""random_state"":20240920}",mean,0.0947062673526
3,13,"{""l2_regularization"":0.0,""learning_rate"":0.03,""max_iter"":500,""max_leaf_nodes"":31,""min_samples_leaf"":50,""random_state"":20240920}",0,0.0918135718388
3,13,"{""l2_regularization"":0.0,""learning_rate"":0.03,""max_iter"":500,""max_leaf_nodes"":31,""min_samples_leaf"":50,""random_state"":20240920}",1,0.0990896339514
3,13,"{""l2_regularization"":0.0,""learning_rate"":0.03,""max_iter"":500,""max_leaf_nodes"":31,""min_samples_leaf"":50,""random_state"":20240920}",2,0.095844489507
3,13,"{""l2_regularization"":0.0,""learning_rate"":0.03,""max_iter"":500,""max_leaf_nodes"":31,""min_samples_leaf"":50,""random_state"":20240920}",mean,0.0955825650991
3,14,"{""l2_regularization"":0.0,""learning_rate"":0.03,""max_iter"":500,""max_leaf_nodes"":15,""min_samples_leaf"":20,""random_state"":20240920}",0,0.106398896934
3,14,"{""l2_regularization"":0.0,""learning_rate"":0.03,""max_iter"":500,""max_leaf_nodes"":15,""min_samples_leaf"":20,""random_state"":20240920}",1,0.112953259205
3,14,"{""l2_regularization"":0.0,""learning_rate"":0.03,""max_iter"":500,""max_leaf_nodes"":15,""min_samples_leaf"":20,""random_state"":20240920}",2,0.103674250202
3,14,"{""l2_regularization"":0.0,""learning_rate"":0.03,""max_iter"":500,""max_leaf_nodes"":15,""min_samples_leaf"":20,""random_state"":20240920}",mean,0.107675468781
3,15,"{""l2_regularization"":0.0,""learning_rate"":0.1,""max_iter"":500,""max_leaf_nodes"":31,""min_samples_leaf"":20,""random_state"":20240920}",0,0.0864836535114
3,15,"{""l2_regularization"":0.0,""learning_rate"":0.1,""max_iter"":500,""max_leaf_nodes"":31,""min_samples_leaf"":20,""random_state"":20240920}",1,0.0898809980874
3,15,"{""l2_regularization"":0.0,""learning_rate"":0.1,""max_iter"":500,""max_leaf_nodes"":31,""min_samples_leaf"":20,""random_state"":20240920}",2,0.0895348177828
3,15,"{""l2_regularization"":0.0,""learning_rate"":0.1,""max_iter"":500,""max_leaf_nodes"":31,""min_samples_leaf"":20,""random_state"":20240920}",mean,0.0886331564605
3,16,"{""l2_regularization"":1.0,""learning_rate"":0.1,""max_iter"":500,""max_leaf_nodes"":15,""min_samples_leaf"":20,""random_state"":20240920}",0,0.0874601317915
3,16,"{""l2_regularization"":1.0,""learning_rate"":0.1,""max_iter"":500,""max_leaf_nodes"":15,""min_samples_leaf"":20,""random_state"":20240920}",1,0.0897338849287
3,16,"{""l2_regularization"":1.0,""learning_rate"":0.1,""max_iter"":500,""max_leaf_nodes"":15,""min_samples_leaf"":20,""random_state"":20240920}",2,0.0858450619594
3,16,"{""l2_regularization"":1.0,""learning_rate"":0.1,""max_iter"":500,""max_leaf_nodes"":15,""min_samples_leaf"":20,""random_state"":20240920}",mean,0.0876796928932
3,17,"{""l2_regularization"":1.0,""learning_rate"":0.06,""max_iter"":500,""max_leaf_nodes"":31,""min_samples_leaf"":20,""random_state"":20240920}",0,0.0860780258399
3,17,"{""l2_regularization"":1.0,""learning_rate"":0.06,""max_iter"":500,""max_leaf_nodes"":31,""min_samples_leaf"":20,""random_state"":20240920}",1,0.0882580410099
3,17,"{""l2_regularization"":1.0,""learning_rate"":0.06,""max_iter"":500,""max_leaf_nodes"":31,""min_samples_leaf"":20,""random_state"":20240920}",2,0.088894000825
3,17,"{""l2_regularization"":1.0,""learning_rate"":0.06,""max_iter"":500,""max_leaf_nodes"":31,""min_samples_leaf"":20,""random_state"":20240920}",mean,0.0877433558916
4,0,"{""l2_regularization"":1.0,""learning_rate"":0.06,""max_iter"":500,""max_leaf_nodes"":15,""min_samples_leaf"":20,""random_state"":20240920}",0,0.0872190069753
4,0,"{""l2_regularization"":1.0,""learning_rate"":0.06,""max_iter"":500,""max_leaf_nodes"":15,""min_samples_leaf"":20,""random_state"":20240920}",1,0.0912961748342
4,0,"{""l2_regularization"":1.0,""learning_rate"":0.06,""max_iter"":500,""max_leaf_nodes"":15,""min_samples_leaf"":20,""random_state"":20240920}",2,0.0913487215633
4,0,"{""l2_regularization"":1.0,""learning_rate"":0.06,""max_iter"":500,""max_leaf_nodes"":15,""min_samples_leaf"":20,""random_state"":20240920}",mean,0.0899546344576
4,1,"{""l2_regularization"":0.0,""learning_rate"":0.06,""max_iter"":500,""max_leaf_nodes"":31,""min_samples_leaf"":50,""random_state"":20240920}",0,0.085705118281
4,1,"{""l2_regularization"":0.0,""learning_rate"":0.06,""max_iter"":500,""max_leaf_nodes"":31,""min_samples_leaf"":50,""random_state"":20240920}",1,0.0840361215168
4,1,"{""l2_regularization"":0.0,""learning_rate"":0.06,""max_iter"":500,""max_leaf_nodes"":31,""min_samples_leaf"":50,""random_state"":20240920}",2,0.0865519470989
4,1,"{""l2_regularization"":0.0,""learning_rate"":0.06,""max_iter"":500,""max_leaf_nodes"":31,""min_samples_leaf"":50,""random_state"":20240920}",mean,0.0854310622989
4,2,"{""l2_regularization"":0.0,""learning_rate"":0.06,""max_iter"":500,""max_leaf_nodes"":15,""min_samples_leaf"":50,""random_state"":20240920}",0,0.086489600306
4,2,"{""l2_regularization"":0.0,""learning_rate"":0.06,""max_iter"":500,""max_leaf_nodes"":15,""min_samples_leaf"":50,""random_state"":20240920}",1,0.0904739493042
4,2,"{""l2_regularization"":0.0,""learning_rate"":0.06,""max_iter"":500,""max_leaf_nodes"":15,""min_samples_leaf"":50,""random_state"":20240920}",2,0.0908032353986
4,2,"{""l2_regularization"":0.0,""learning_rate"":0.06,""max_iter"":500,""max_leaf_nodes"":15,""min_samples_leaf"":50,""random_state"":20240920}",mean,0.0892555950029
4,3,"{""l2_regularization"":0.0,""learning_rate"":0.1,""max_iter"":500,""max_leaf_nodes"":31,""min_samples_leaf"":50,""random_state"":20240920}",0,0.0877847023834
4,3,"{""l2_regularization"":0.0,""learning_rate"":0.1,""max_iter"":500,""max_leaf_nodes"":31,""min_samples_leaf"":50,""random_state"":20240920}",1,0.087503696887
4,3,"{""l2_regularization"":0.0,""learning_rate"":0.1,""max_iter"":500,""max_leaf_nodes"":31,""min_samples_leaf"":50,""random_state"":20240920}",2,0.0883248754
4,3,"{""l2_regularization"":0.0,""learning_rate"":0.1,""max_iter"":500,""max_leaf_nodes"":31,""min_samples_leaf"":50,""random_state"":20240920}",mean,0.0878710915568
4,4,"{""l2_regularization"":1.0,""learning_rate"":0.03,""max_iter"":500,""max_leaf_nodes"":31,""min_samples_leaf"":20,""random_state"":20240920}",0,0.0940514371802
4,4,"{""l2_regularization"":1.0,""learning_rate"":0.03,""max_iter"":500,""max_leaf_nodes"":31,""min_samples_leaf"":20,""random_state"":20240920}",1,0.0942493568676
4,4,"{""l2_regularization"":1.0,""learning_rate"":0.03,""max_iter"":500,""max_leaf_nodes"":31,""min_samples_leaf"":20,""random_state"":20240920}",2,0.0977609791416
4,4,"{""l2_regularization"":1.0,""learning_rate"":0.03,""max_iter"":500,""max_leaf_nodes"":31,""min_samples_leaf"":20,""random_state"":20240920}",mean,0.0953539243965
4,5,"{""l2_regularization"":1.0,""learning_rate"":0.06,""max_iter"":500,""max_leaf_nodes"":15,""min_samples_leaf"":50,""random_state"":20240920}",0,0.0874754440199
4,5,"{""l2_regularization"":1.0,""learning_rate"":0.06,""max_iter"":500,""max_leaf_nodes"":15,""min_samples_leaf"":50,""random_state"":20240920}",1,0.0920722146364
4,5,"{""l2_regularization"":1.0,""learning_rate"":0.06,""max_iter"":500,""max_leaf_nodes"":15,""min_samples_leaf"":50,""random_state"":20240920}",2,0.0913179719185
4,5,"{""l2_regularization"":1.0,""learning_rate"":0.06,""max_iter"":500,""max_leaf_nodes"":15,""min_samples_leaf"":50,""random_state"":20240920}",mean,0.0902885435249
4,6,"{""l2_regularization"":5.0,""learning_rate"":0.03,""max_iter"":500,""max_leaf_nodes"":15,""min_samples_leaf"":20,""random_state"":20240920}",0,0.102803151359
4,6,"{""l2_regularization"":5.0,""learning_rate"":0.03,""max_iter"":500,""max_leaf_nodes"":15,""min_samples_leaf"":20,""random_state"":20240920}",1,0.10398903667
4,6,"{""l2_regularization"":5.0,""learning_rate"":0.03,""max_iter"":500,""max_leaf_nodes"":15,""min_samples_leaf"":20,""random_state"":20240920}",2,0.105363138725
4,6,"{""l2_regularization"":5.0,""learning_rate"":0.03,""max_iter"":500,""max_leaf_nodes"":15,""min_samples_leaf"":20,""random_state"":20240920}",mean,0.104051775585
4,7,"{""l2_regularization"":0.0,""learning_rate"":0.1,""max_iter"":500,""max_leaf_nodes"":15,""min_samples_leaf"":20,""random_state"":20240920}",0,0.0839741053361
4,7,"{""l2_regularization"":0.0,""learning_rate"":0.1,""max_iter"":500,""max_leaf_nodes"":15,""min_samples_leaf"":20,""random_state"":20240920}",1,0.0863284569879
4,7,"{""l2_regularization"":0.0,""learning_rate"":0.1,""max_iter"":500,""max_leaf_nodes"":15,""min_samples_leaf"":20,""random_state"":20240920}",2,0.086304112025
4,7,"{""l2_regularization"":0.0,""learning_rate"":0.1,""max_iter"":500,""max_leaf_nodes"":15,""min_samples_leaf"":20,""random_state"":20240920}",mean,0.0855355581163
4,8,"{""l2_regularization"":5.0,""learning_rate"":0.06,""max_iter"":500,""max_leaf_nodes"":31,""min_samples_leaf"":50,""random_state"":20240920}",0,0.0873198164649
4,8,"{""l2_regularization"":5.0,""learning_rate"":0.06,""max_iter"":500,""max_leaf_nodes"":31,""min_samples_leaf"":50,""random_state"":20240920}",1,0.0880137425922
4,8,"{""l2_regularization"":5.0,""learning_rate"":0.06,""max_iter"":500,""max_leaf_nodes"":31,""min_samples_leaf"":50,""random_state"":20240920}",2,0.0887676571892
4,8,"{""l2_regularization"":5.0,""learning_rate"":0.06,""max_iter"":500,""max_leaf_nodes"":31,""min_samples_leaf"":50,""random_state"":20240920}",mean,0.0880337387488
4,9,"{""l2_regularization"":0.0,""learning_rate"":0.03,""max_iter"":500,""max_leaf_nodes"":15,""min_samples_leaf"":50,""random_state"":20240920}",0,0.0996156573082
4,9,"{""l2_regularization"":0.0,""learning_rate"":0.03,""max_iter"":500,""max_leaf_nodes"":15,""min_samples_leaf"":50,""random_state"":20240920}",1,0.10567521894
4,9,"{""l2_regularization"":0.0,""learning_rate"":0.03,""max_iter"":500,""max_leaf_nodes"":15,""min_samples_leaf"":50,""random_state"":20240920}",2,0.107031793821
4,9,"{""l2_regularization"":0.0,""learning_rate"":0.03,""max_iter"":500,""max_leaf_nodes"":15,""min_samples_leaf"":50,""random_state"":20240920}",mean,0.10410755669
4,10,"{""l2_regularization"":5.0,""learning_rate"":0.1,""max_iter"":500,""max_leaf_nodes"":15,""min_samples_leaf"":20,""random_state"":20240920}",0,0.0830425626992
4,10,"{""l2_regularization"":5.0,""learning_rate"":0.1,""max_iter"":500,""max_leaf_nodes"":15,""min_samples_leaf"":20,""random_state"":20240920}",1,0.0871458992888
4,10,"{""l2_regularization"":5.0,""learning_rate"":0.1,""max_iter"":500,""max_leaf_nodes"":15,""min_samples_leaf"":20,""random_state"":20240920}",2,0.0872061957849
4,10,"{""l2_regularization"":5.0,""learning_rate"":0.1,""max_iter"":500,""max_leaf_nodes"":15,""min_samples_leaf"":20,""random_state"":20240920}",mean,0.0857982192576
4,11,"{""l2_regularization"":5.0,""learning_rate"":0.1,""max_iter"":500,""max_leaf_nodes"":15,""min_samples_leaf"":50,""random_state"":20240920}",0,0.0848380519815
4,11,"{""l2_regularization"":5.0,""learning_rate"":0.1,""max_iter"":500,""max_leaf_nodes"":15,""min_samples_leaf"":50,""random_state"":20240920}",1,0.0879036650303
4,11,"{""l2_regularization"":5.0,""learning_rate"":0.1,""max_iter"":500,""max_leaf_nodes"":15,""min_samples_leaf"":50,""random_state"":20240920}",2,0.0853407438437
4,11,"{""l2_regularization"":5.0,""learning_rate"":0.1,""max_iter"":500,""max_leaf_nodes"":15,""min_samples_leaf"":50,""random_state"":20240920}",mean,0.0860274869518
4,12,"{""l2_regularization"":5.0,""learning_rate"":0.06,""max_iter"":500,""max_leaf_nodes"":15,""min_samples_leaf"":50,""random_state"":20240920}",0,0.0883735625702
4,12,"{""l2_regularization"":5.0,""learning_rate"":0.06,""max_iter"":500,""max_leaf_nodes"":15,""min_samples_leaf"":50,""random_state"":20240920}",1,0.0899391157683
4,12,"{""l2_regularization"":5.0,""learning_rate"":0.06,""max_iter"":500,""max_leaf_nodes"":15,""min_samples_leaf"":50,""random_state"":20240920}",2,0.0903997140823
4,12,"{""l2_regularization"":5.0,""learning_rate"":0.06,""max_iter"":500,""max_leaf_nodes"":15,""min_samples_leaf"":50,""random_state"":20240920}",mean,0.0895707974736
4,13,"{""l2_regularization"":0.0,""learning_rate"":0.03,""max_iter"":500,""max_leaf_nodes"":31,""min_samples_leaf"":50,""random_state"":20240920}",0,0.0942143188552
4,13,"{""l2_regularization"":0.0,""learning_rate"":0.03,""max_iter"":500,""max_leaf_nodes"":31,""min_samples_leaf"":50,""random_state"":20240920}",1,0.0924664558102
4,13,"{""l2_regularization"":0.0,""learning_rate"":0.03,""max_iter"":500,""max_leaf_nodes"":31,""min_samples_leaf"":50,""random_state"":20240920}",2,0.0944705286197
4,13,"{""l2_regularization"":0.0,""learning_rate"":0.03,""max_iter"":500,""max_leaf_nodes"":31,""min_samples_leaf"":50,""random_state"":20240920}",mean,0.093717101095
4,14,"{""l2_regularization"":0.0,""learning_rate"":0.03,""max_iter"":500,""max_leaf_nodes"":15,""min_samples_leaf"":20,""random_state"":20240920}",0,0.100278343649
4,14,"{""l2_regularization"":0.0,""learning_rate"":0.03,""max_iter"":500,""max_leaf_nodes"":15,""min_samples_leaf"":20,""random_state"":20240920}",1,0.103973990318
4,14,"{""l2_regularization"":0.0,""learning_rate"":0.03,""max_iter"":500,""max_leaf_nodes"":15,""min_samples_leaf"":20,""random_state"":20240920}",2,0.107616844719
4,14,"{""l2_regularization"":0.0,""learning_rate"":0.03,""max_iter"":500,""max_leaf_nodes"":15,""min_samples_leaf"":20,""random_state"":20240920}",mean,0.103956392895
4,15,"{""l2_regularization"":0.0,""learning_rate"":0.1,""max_iter"":500,""max_leaf_nodes"":31,""min_samples_leaf"":20,""random_state"":20240920}",0,0.0865775279754
4,15,"{""l2_regularization"":0.0,""learning_rate"":0.1,""max_iter"":500,""max_leaf_nodes"":31,""min_samples_leaf"":20,""random_state"":20240920}",1,0.0868203780255
4,15,"{""l2_regularization"":0.0,""learning_rate"":0.1,""max_iter"":500,""max_leaf_nodes"":31,""min_samples_leaf"":20,""random_state"":20240920}",2,0.0904051346305
4,15,"{""l2_regularization"":0.0,""learning_rate"":0.1,""max_iter"":500,""max_leaf_nodes"":31,""min_samples_leaf"":20,""random_state"":20240920}",mean,0.0879343468771
4,16,"{""l2_regularization"":1.0,""learning_rate"":0.1,""max_iter"":500,""max_leaf_nodes"":15,""min_samples_leaf"":20,""random_state"":20240920}",0,0.0849238648221
4,16,"{""l2_regularization"":1.0,""learning_rate"":0.1,""max_iter"":500,""max_leaf_nodes"":15,""min_samples_leaf"":20,""random_state"":20240920}",1,0.0875531581405
4,16,"{""l2_regularization"":1.0,""learning_rate"":0.1,""max_iter"":500,""max_leaf_nodes"":15,""min_samples_leaf"":20,""random_state"":20240920}",2,0.087617176795
4,16,"{""l2_regularization"":1.0,""learning_rate"":0.1,""max_iter"":500,""max_leaf_nodes"":15,""min_samples_leaf"":20,""random_state"":20240920}",mean,0.0866980665859
4,17,"{""l2_regularization"":1.0,""learning_rate"":0.06,""max_iter"":500,""max_leaf_nodes"":31,""min_samples_leaf"":20,""random_state"":20240920}",0,0.0861140105767
4,17,"{""l2_regularization"":1.0,""learning_rate"":0.06,""max_iter"":500,""max_leaf_nodes"":31,""min_samples_leaf"":20,""random_state"":20240920}",1,0.0874880878534
4,17,"{""l2_regularization"":1.0,""learning_rate"":0.06,""max_iter"":500,""max_leaf_nodes"":31,""min_samples_leaf"":20,""random_state"":20240920}",2,0.0886778246112
4,17,"{""l2_regularization"":1.0,""learning_rate"":0.06,""max_iter"":500,""max_leaf_nodes"":31,""min_samples_leaf"":20,""random_state"":20240920}",mean,0.0874266410137
