row_id,source_file,source_file_sha256,source_sheet,source_excel_row,duplicate_row_ids,waveform_sha256,exact_record_sha256,condition_group,regression_outer_fold,oof_model_id,full_model_id,material,temperature_C,frequency_Hz,waveform,b_m_T,energy_proxy_Hz_T,feature_schema_sha256,q4_fold_models_artifact_sha256,q4_full_model_artifact_sha256,config_sha256,q5_region_id,y_pred_oof,y_pred_full,core_loss_W_per_m3,full_oof_log_gap,oof_absolute_log_residual,full_oof_gap_pass,oof_residual_pass,region_fold_support_pass,prebootstrap_single_point_eligible
附件一（训练集）.xlsx|材料2|188,附件一（训练集）.xlsx,C16AEE712BC0AD480B5285F17FA7FA57A5E22A1901D4A6ADB0A1EB83ECFB7FFC,材料2,188,附件一（训练集）.xlsx|材料2|188,6110ED78DE3D4FB5670DF241494A1C5DBF9EDA51A0823C131275B89FDD18D70C,7C754F528EF664D6EC4E13CB3B09CC3C2469D705B920CC7019252BDE55F92575,材料2|70|正弦波|47|-18,3,q4-ridge-fold-3,q4-ridge-full,材料2,70,63020,正弦波,0.019492321,1228.40606942,1528994E6DC4B68AEAF1605973D8A67CC1C13011A2FA0A766653FF9BE639C170,AFD3FF9D20B9829C714103D3E47F8B3093FED3601B1C2E47DA69358DA10F3D51,2B66DCDE1539748A4B4C7CE0574A96E1362CBFBE26957E618F2506632D0AAD4E,45EB32BF8721BD38DC5DE0B3298EA0EE5515DF84F1E1AB4BEAE16D445BF8078B,材料2|正弦波|70|fq0|bq0,578.442350639,578.033020374,489.1650914,0.000706670667804,0.167323921038,True,True,False,False
附件一（训练集）.xlsx|材料1|529,附件一（训练集）.xlsx,C16AEE712BC0AD480B5285F17FA7FA57A5E22A1901D4A6ADB0A1EB83ECFB7FFC,材料1,529,附件一（训练集）.xlsx|材料1|529,7830F339E252182056F675256041503878B0F973F05DDF3AA867B949957B1D37,AE44FDF0FA8C54BC6710D037BDDB09EB923B85B41FBF9A1C9A0CF5888A606809,材料1|70|正弦波|46|-16,4,q4-ridge-fold-4,q4-ridge-full,材料1,70,50020,正弦波,0.027606042,1380.85422084,1528994E6DC4B68AEAF1605973D8A67CC1C13011A2FA0A766653FF9BE639C170,AFD3FF9D20B9829C714103D3E47F8B3093FED3601B1C2E47DA69358DA10F3D51,2B66DCDE1539748A4B4C7CE0574A96E1362CBFBE26957E618F2506632D0AAD4E,45EB32BF8721BD38DC5DE0B3298EA0EE5515DF84F1E1AB4BEAE16D445BF8078B,材料1|正弦波|70|fq0|bq1,593.084875006,583.147338638,689.8457043,0.0168689531745,0.15089430912,False,True,False,False
附件一（训练集）.xlsx|材料1|561,附件一（训练集）.xlsx,C16AEE712BC0AD480B5285F17FA7FA57A5E22A1901D4A6ADB0A1EB83ECFB7FFC,材料1,561,附件一（训练集）.xlsx|材料1|561,074EAFDE30E6A590D0CF566FFF0B41464C685E62DBA8B6E041A8E46FFA285F4D,8C7824FD6AC88B2B40E6153F1845B8926E1488CDC57D545F1B5238156A6F715F,材料1|70|正弦波|47|-17,4,q4-ridge-fold-4,q4-ridge-full,材料1,70,63020,正弦波,0.024656781,1553.87033862,1528994E6DC4B68AEAF1605973D8A67CC1C13011A2FA0A766653FF9BE639C170,AFD3FF9D20B9829C714103D3E47F8B3093FED3601B1C2E47DA69358DA10F3D51,2B66DCDE1539748A4B4C7CE0574A96E1362CBFBE26957E618F2506632D0AAD4E,45EB32BF8721BD38DC5DE0B3298EA0EE5515DF84F1E1AB4BEAE16D445BF8078B,材料1|正弦波|70|fq0|bq0,685.671689487,676.013271117,689.6302384,0.0141654123239,0.00574828181527,False,True,True,False
附件一（训练集）.xlsx|材料2|205,附件一（训练集）.xlsx,C16AEE712BC0AD480B5285F17FA7FA57A5E22A1901D4A6ADB0A1EB83ECFB7FFC,材料2,205,附件一（训练集）.xlsx|材料2|205,03CF3AFDE8D77B95A3ABCEF891AACC1F9A381AF6A42452288C3403352A955CCD,111EA52DE883F328E1D31D340B63713D3464EB1BB51C022605D137D2A2D20B45,材料2|70|正弦波|49|-19,0,q4-ridge-fold-0,q4-ridge-full,材料2,70,99950,正弦波,0.015647061,1563.92374695,1528994E6DC4B68AEAF1605973D8A67CC1C13011A2FA0A766653FF9BE639C170,AFD3FF9D20B9829C714103D3E47F8B3093FED3601B1C2E47DA69358DA10F3D51,2B66DCDE1539748A4B4C7CE0574A96E1362CBFBE26957E618F2506632D0AAD4E,45EB32BF8721BD38DC5DE0B3298EA0EE5515DF84F1E1AB4BEAE16D445BF8078B,材料2|正弦波|70|fq1|bq0,681.635758776,680.098222424,466.5996296,0.00225489285252,0.378348983768,True,True,False,False
附件一（训练集）.xlsx|材料2|710,附件一（训练集）.xlsx,C16AEE712BC0AD480B5285F17FA7FA57A5E22A1901D4A6ADB0A1EB83ECFB7FFC,材料2,710,附件一（训练集）.xlsx|材料2|710,FAA37E64A011287A73BB03F40FC13B6E7203EB227F2BCA7307FFF4419282B96F,EE3E7F6DB07B66B2929A48444FE97C9087FB643C6A2DA49ACBA7835B9E3CC360,材料2|70|正弦波|49|-19,0,q4-ridge-fold-0,q4-ridge-full,材料2,70,99950,正弦波,0.015647061,1563.92374695,1528994E6DC4B68AEAF1605973D8A67CC1C13011A2FA0A766653FF9BE639C170,AFD3FF9D20B9829C714103D3E47F8B3093FED3601B1C2E47DA69358DA10F3D51,2B66DCDE1539748A4B4C7CE0574A96E1362CBFBE26957E618F2506632D0AAD4E,45EB32BF8721BD38DC5DE0B3298EA0EE5515DF84F1E1AB4BEAE16D445BF8078B,材料2|正弦波|70|fq1|bq0,681.635758775,680.098222424,466.5996296,0.00225489285105,0.378348983767,True,True,False,False
附件一（训练集）.xlsx|材料4|727,附件一（训练集）.xlsx,C16AEE712BC0AD480B5285F17FA7FA57A5E22A1901D4A6ADB0A1EB83ECFB7FFC,材料4,727,附件一（训练集）.xlsx|材料4|727,8C893136A393182E799689C676E54C31D1A708E7A2559D99DE98D1D33DDB338C,B99B10A551105C7E2075270B2CC3C6C378E42156ECF18B825092E6A5F3C5C6E3,材料4|90|正弦波|51|-19,3,q4-ridge-fold-3,q4-ridge-full,材料4,90,141260,正弦波,0.012725956,1797.66854456,1528994E6DC4B68AEAF1605973D8A67CC1C13011A2FA0A766653FF9BE639C170,AFD3FF9D20B9829C714103D3E47F8B3093FED3601B1C2E47DA69358DA10F3D51,2B66DCDE1539748A4B4C7CE0574A96E1362CBFBE26957E618F2506632D0AAD4E,45EB32BF8721BD38DC5DE0B3298EA0EE5515DF84F1E1AB4BEAE16D445BF8078B,材料4|正弦波|90|fq1|bq0,846.613725813,840.767059496,577.1195732,0.00692169546449,0.382644298676,True,False,False,False
附件一（训练集）.xlsx|材料4|741,附件一（训练集）.xlsx,C16AEE712BC0AD480B5285F17FA7FA57A5E22A1901D4A6ADB0A1EB83ECFB7FFC,材料4,741,附件一（训练集）.xlsx|材料4|741,AA51D933F3F93BD27F41BB90FAEE8CB94B83EA40FEC856A060188E6D46410272,8DDE9AFD522FD0421FEEE35E6008A34106F1791956E9B9BA52490950D690EDF4,材料4|90|正弦波|52|-20,4,q4-ridge-fold-4,q4-ridge-full,材料4,90,158510,正弦波,0.011672845,1850.26266095,1528994E6DC4B68AEAF1605973D8A67CC1C13011A2FA0A766653FF9BE639C170,AFD3FF9D20B9829C714103D3E47F8B3093FED3601B1C2E47DA69358DA10F3D51,2B66DCDE1539748A4B4C7CE0574A96E1362CBFBE26957E618F2506632D0AAD4E,45EB32BF8721BD38DC5DE0B3298EA0EE5515DF84F1E1AB4BEAE16D445BF8078B,材料4|正弦波|90|fq1|bq0,872.381130584,849.979026627,615.8035297,0.0259845535578,0.347821491432,False,False,False,False
附件一（训练集）.xlsx|材料1|383,附件一（训练集）.xlsx,C16AEE712BC0AD480B5285F17FA7FA57A5E22A1901D4A6ADB0A1EB83ECFB7FFC,材料1,383,附件一（训练集）.xlsx|材料1|383,0513F5F4F3EC73AB429B7A1F2E59A5F313790C139A0CCAB13EC8E3AE4636D02B,5EAF1A0390C6AF3DA112E4A48AF0B9516867B8D071087A4F2A784B28C84024FD,材料1|50|正弦波|50|-18,1,q4-ridge-fold-1,q4-ridge-full,材料1,50,112160,正弦波,0.016657636,1868.32045376,1528994E6DC4B68AEAF1605973D8A67CC1C13011A2FA0A766653FF9BE639C170,AFD3FF9D20B9829C714103D3E47F8B3093FED3601B1C2E47DA69358DA10F3D51,2B66DCDE1539748A4B4C7CE0574A96E1362CBFBE26957E618F2506632D0AAD4E,45EB32BF8721BD38DC5DE0B3298EA0EE5515DF84F1E1AB4BEAE16D445BF8078B,材料1|正弦波|50|fq1|bq0,932.590009395,929.837054058,739.8215625,0.00295314028817,0.231277589798,True,True,True,False
附件一（训练集）.xlsx|材料4|742,附件一（训练集）.xlsx,C16AEE712BC0AD480B5285F17FA7FA57A5E22A1901D4A6ADB0A1EB83ECFB7FFC,材料4,742,附件一（训练集）.xlsx|材料4|742,D3AADA834C6B6AD7740DFFA8B1379B03DA8246D4DC301299537243F4629E5E1B,136F64297A92E683D33C46F62671E7E6F1F506D89E42A0941B5EC90C5F3D2706,材料4|90|正弦波|52|-20,4,q4-ridge-fold-4,q4-ridge-full,材料4,90,158500,正弦波,0.012354452,1958.180642,1528994E6DC4B68AEAF1605973D8A67CC1C13011A2FA0A766653FF9BE639C170,AFD3FF9D20B9829C714103D3E47F8B3093FED3601B1C2E47DA69358DA10F3D51,2B66DCDE1539748A4B4C7CE0574A96E1362CBFBE26957E618F2506632D0AAD4E,45EB32BF8721BD38DC5DE0B3298EA0EE5515DF84F1E1AB4BEAE16D445BF8078B,材料4|正弦波|90|fq1|bq0,966.070618434,942.315889116,697.441908,0.0248703114621,0.325419512705,False,True,False,False
附件一（训练集）.xlsx|材料1|995,附件一（训练集）.xlsx,C16AEE712BC0AD480B5285F17FA7FA57A5E22A1901D4A6ADB0A1EB83ECFB7FFC,材料1,995,附件一（训练集）.xlsx|材料1|995,FD3AB31E7ADA72EA3EE7DCAC2666130899084231658018F988774509081CA462,DA48DAD37A1FFBE04232A8881DB8E49971B3C47848C9C2DD9F0EE41510815BB4,材料1|90|正弦波|52|-20,4,q4-ridge-fold-4,q4-ridge-full,材料1,90,199500,正弦波,0.012366007,2467.0183965,1528994E6DC4B68AEAF1605973D8A67CC1C13011A2FA0A766653FF9BE639C170,AFD3FF9D20B9829C714103D3E47F8B3093FED3601B1C2E47DA69358DA10F3D51,2B66DCDE1539748A4B4C7CE0574A96E1362CBFBE26957E618F2506632D0AAD4E,45EB32BF8721BD38DC5DE0B3298EA0EE5515DF84F1E1AB4BEAE16D445BF8078B,材料1|正弦波|90|fq2|bq0,979.38036223,956.746706957,1150.367179,0.023357275825,0.160764745449,False,True,True,False
附件一（训练集）.xlsx|材料1|1011,附件一（训练集）.xlsx,C16AEE712BC0AD480B5285F17FA7FA57A5E22A1901D4A6ADB0A1EB83ECFB7FFC,材料1,1011,附件一（训练集）.xlsx|材料1|1011,22C27449CC798008E86C4CF18CA50B18A61FFC7D5AF612C17C0D764469AB872E,534EFC2B1B5A0369E04FD142E6578DA6DCA0204CE21475FF58705AE5CAD208D2,材料1|90|正弦波|53|-20,2,q4-ridge-fold-2,q4-ridge-full,材料1,90,223850,正弦波,0.012333005,2760.74316925,1528994E6DC4B68AEAF1605973D8A67CC1C13011A2FA0A766653FF9BE639C170,AFD3FF9D20B9829C714103D3E47F8B3093FED3601B1C2E47DA69358DA10F3D51,2B66DCDE1539748A4B4C7CE0574A96E1362CBFBE26957E618F2506632D0AAD4E,45EB32BF8721BD38DC5DE0B3298EA0EE5515DF84F1E1AB4BEAE16D445BF8078B,材料1|正弦波|90|fq2|bq0,1107.13921497,1126.24285325,1561.922846,0.0170924726001,0.343875461745,False,True,True,False
附件一（训练集）.xlsx|材料1|738,附件一（训练集）.xlsx,C16AEE712BC0AD480B5285F17FA7FA57A5E22A1901D4A6ADB0A1EB83ECFB7FFC,材料1,738,附件一（训练集）.xlsx|材料1|738,40BD15BAB264F9398A94CC2C9C81BAFABD0B122BB6D66E1EADDAF7197F4DE078,01ABEC7C35C85E809CD843F69F4DA72409F0403E20AA87EDC9FBDF1BAA4B65F6,材料1|70|正弦波|53|-20,4,q4-ridge-fold-4,q4-ridge-full,材料1,70,223850,正弦波,0.012346785,2763.82782225,1528994E6DC4B68AEAF1605973D8A67CC1C13011A2FA0A766653FF9BE639C170,AFD3FF9D20B9829C714103D3E47F8B3093FED3601B1C2E47DA69358DA10F3D51,2B66DCDE1539748A4B4C7CE0574A96E1362CBFBE26957E618F2506632D0AAD4E,45EB32BF8721BD38DC5DE0B3298EA0EE5515DF84F1E1AB4BEAE16D445BF8078B,材料1|正弦波|70|fq2|bq0,1258.10964987,1239.25264576,1429.962384,0.0150897386534,0.127942369618,False,True,True,False
附件一（训练集）.xlsx|材料1|1010,附件一（训练集）.xlsx,C16AEE712BC0AD480B5285F17FA7FA57A5E22A1901D4A6ADB0A1EB83ECFB7FFC,材料1,1010,附件一（训练集）.xlsx|材料1|1010,F8B324836D4F0B25992B9BEC662501F17C4FC292A323A58A03C3DE5941FFE1AF,FBC2DDBBEBE8C84016CF29E0166245C982C770F1E1A0E10F8BB1F1CBED53DA3C,材料1|90|正弦波|53|-19,2,q4-ridge-fold-2,q4-ridge-full,材料1,90,223850,正弦波,0.013097049,2931.77441865,1528994E6DC4B68AEAF1605973D8A67CC1C13011A2FA0A766653FF9BE639C170,AFD3FF9D20B9829C714103D3E47F8B3093FED3601B1C2E47DA69358DA10F3D51,2B66DCDE1539748A4B4C7CE0574A96E1362CBFBE26957E618F2506632D0AAD4E,45EB32BF8721BD38DC5DE0B3298EA0EE5515DF84F1E1AB4BEAE16D445BF8078B,材料1|正弦波|90|fq2|bq0,1323.06062327,1343.8952181,1754.697826,0.0156128608258,0.282163155105,False,True,True,False
附件一（训练集）.xlsx|材料1|737,附件一（训练集）.xlsx,C16AEE712BC0AD480B5285F17FA7FA57A5E22A1901D4A6ADB0A1EB83ECFB7FFC,材料1,737,附件一（训练集）.xlsx|材料1|737,5F463036485D5952B08471B34DB6551FBC741719AC04045456B80AEE87DBEC5A,77A5B0A21A09852518C04B32CC2174033AE942CB2F655C4F45D9923C560AA6E6,材料1|70|正弦波|53|-19,2,q4-ridge-fold-2,q4-ridge-full,材料1,70,223850,正弦波,0.013132379,2939.68303915,1528994E6DC4B68AEAF1605973D8A67CC1C13011A2FA0A766653FF9BE639C170,AFD3FF9D20B9829C714103D3E47F8B3093FED3601B1C2E47DA69358DA10F3D51,2B66DCDE1539748A4B4C7CE0574A96E1362CBFBE26957E618F2506632D0AAD4E,45EB32BF8721BD38DC5DE0B3298EA0EE5515DF84F1E1AB4BEAE16D445BF8078B,材料1|正弦波|70|fq2|bq0,1349.4258976,1369.75975105,1627.797108,0.0149451265363,0.187421749431,False,True,True,False
附件一（训练集）.xlsx|材料1|1025,附件一（训练集）.xlsx,C16AEE712BC0AD480B5285F17FA7FA57A5E22A1901D4A6ADB0A1EB83ECFB7FFC,材料1,1025,附件一（训练集）.xlsx|材料1|1025,B8746FF177A90964AB9EE4F68F6BFF9F4E26FBFEAC19E88722630E625B784FB3,F0638B67D62B483B7CDF844ABFE3B2359B9F1E183974B3E95C4F870E741DCEE4,材料1|90|正弦波|53|-20,2,q4-ridge-fold-2,q4-ridge-full,材料1,90,251170,正弦波,0.01229241,3087.4846197,1528994E6DC4B68AEAF1605973D8A67CC1C13011A2FA0A766653FF9BE639C170,AFD3FF9D20B9829C714103D3E47F8B3093FED3601B1C2E47DA69358DA10F3D51,2B66DCDE1539748A4B4C7CE0574A96E1362CBFBE26957E618F2506632D0AAD4E,45EB32BF8721BD38DC5DE0B3298EA0EE5515DF84F1E1AB4BEAE16D445BF8078B,材料1|正弦波|90|fq2|bq0,1383.90236734,1407.2981333,2077.915827,0.0167523334629,0.406216876544,False,False,True,False
附件一（训练集）.xlsx|材料1|758,附件一（训练集）.xlsx,C16AEE712BC0AD480B5285F17FA7FA57A5E22A1901D4A6ADB0A1EB83ECFB7FFC,材料1,758,附件一（训练集）.xlsx|材料1|758,72A66D97F3C0CA22EA8EC9E12D441E9D5F2489AA2DF39117FB42FFBA257FFFE8,EFAC9413676126AE354100B93074B286CC5409F2E162A5954556587D66BD79B3,材料1|70|正弦波|53|-20,4,q4-ridge-fold-4,q4-ridge-full,材料1,70,251170,正弦波,0.012372848,3107.68823216,1528994E6DC4B68AEAF1605973D8A67CC1C13011A2FA0A766653FF9BE639C170,AFD3FF9D20B9829C714103D3E47F8B3093FED3601B1C2E47DA69358DA10F3D51,2B66DCDE1539748A4B4C7CE0574A96E1362CBFBE26957E618F2506632D0AAD4E,45EB32BF8721BD38DC5DE0B3298EA0EE5515DF84F1E1AB4BEAE16D445BF8078B,材料1|正弦波|70|fq2|bq0,1471.63176053,1451.28739143,2008.202927,0.0139112885762,0.310686976316,False,True,True,False
附件一（训练集）.xlsx|材料1|1012,附件一（训练集）.xlsx,C16AEE712BC0AD480B5285F17FA7FA57A5E22A1901D4A6ADB0A1EB83ECFB7FFC,材料1,1012,附件一（训练集）.xlsx|材料1|1012,1ADEC7BE50061FAA18DDE98DFDEFE3AE2429750C54B84A96E40EDFA9C3D455ED,482FF8064E25973A5CC95035E032B0C2468ACFA69E87272ADEAEACF590C50160,材料1|90|正弦波|53|-19,2,q4-ridge-fold-2,q4-ridge-full,材料1,90,223850,正弦波,0.013892096,3109.7456896,1528994E6DC4B68AEAF1605973D8A67CC1C13011A2FA0A766653FF9BE639C170,AFD3FF9D20B9829C714103D3E47F8B3093FED3601B1C2E47DA69358DA10F3D51,2B66DCDE1539748A4B4C7CE0574A96E1362CBFBE26957E618F2506632D0AAD4E,45EB32BF8721BD38DC5DE0B3298EA0EE5515DF84F1E1AB4BEAE16D445BF8078B,材料1|正弦波|90|fq2|bq0,1465.24383452,1490.62852942,1962.661101,0.0171645798168,0.292106723498,False,True,True,False
附件一（训练集）.xlsx|材料1|757,附件一（训练集）.xlsx,C16AEE712BC0AD480B5285F17FA7FA57A5E22A1901D4A6ADB0A1EB83ECFB7FFC,材料1,757,附件一（训练集）.xlsx|材料1|757,8213C235257B3D93A32EDB13854BBE1D836AD85DD4E7FDEBAC08DAA162477F44,1D9CC9F4701B2F7F234DB6C700BC76AFDDA082BE2EE53067870A0C91B2A6DB3A,材料1|70|正弦波|53|-19,2,q4-ridge-fold-2,q4-ridge-full,材料1,70,251170,正弦波,0.013255051,3329.27115967,1528994E6DC4B68AEAF1605973D8A67CC1C13011A2FA0A766653FF9BE639C170,AFD3FF9D20B9829C714103D3E47F8B3093FED3601B1C2E47DA69358DA10F3D51,2B66DCDE1539748A4B4C7CE0574A96E1362CBFBE26957E618F2506632D0AAD4E,45EB32BF8721BD38DC5DE0B3298EA0EE5515DF84F1E1AB4BEAE16D445BF8078B,材料1|正弦波|70|fq2|bq0,1688.82695479,1714.5461541,2323.752022,0.0151053570453,0.31898724607,False,True,True,False
附件一（训练集）.xlsx|材料1|1026,附件一（训练集）.xlsx,C16AEE712BC0AD480B5285F17FA7FA57A5E22A1901D4A6ADB0A1EB83ECFB7FFC,材料1,1026,附件一（训练集）.xlsx|材料1|1026,6F6F1A13987F8CF14A2F52177D05F6178F62912EDF1F3CFA9742A368C4BDB3AD,53D39A3CBD99AAB8F239ABC311DA0D307902648439ABC212BD52E5B452DA7D36,材料1|90|正弦波|53|-19,2,q4-ridge-fold-2,q4-ridge-full,材料1,90,251170,正弦波,0.013885283,3487.56653111,1528994E6DC4B68AEAF1605973D8A67CC1C13011A2FA0A766653FF9BE639C170,AFD3FF9D20B9829C714103D3E47F8B3093FED3601B1C2E47DA69358DA10F3D51,2B66DCDE1539748A4B4C7CE0574A96E1362CBFBE26957E618F2506632D0AAD4E,45EB32BF8721BD38DC5DE0B3298EA0EE5515DF84F1E1AB4BEAE16D445BF8078B,材料1|正弦波|90|fq2|bq0,1775.85075977,1804.26859314,2638.247268,0.0158668245051,0.395651189471,False,False,True,False
附件一（训练集）.xlsx|材料1|1041,附件一（训练集）.xlsx,C16AEE712BC0AD480B5285F17FA7FA57A5E22A1901D4A6ADB0A1EB83ECFB7FFC,材料1,1041,附件一（训练集）.xlsx|材料1|1041,7BBF7570A9554B497DF6742AD586ED67A7AC6CE9544695F795403EBE34FE60AF,657AF31AF7C21070E9C5FF59A623379CE05AD8893FBFC47C1D317173EEE786A2,材料1|90|正弦波|54|-20,4,q4-ridge-fold-4,q4-ridge-full,材料1,90,281850,正弦波,0.01246255,3512.5697175,1528994E6DC4B68AEAF1605973D8A67CC1C13011A2FA0A766653FF9BE639C170,AFD3FF9D20B9829C714103D3E47F8B3093FED3601B1C2E47DA69358DA10F3D51,2B66DCDE1539748A4B4C7CE0574A96E1362CBFBE26957E618F2506632D0AAD4E,45EB32BF8721BD38DC5DE0B3298EA0EE5515DF84F1E1AB4BEAE16D445BF8078B,材料1|正弦波|90|fq3|bq0,1845.60755579,1812.61454989,2854.831757,0.0180283592432,0.43601293205,False,False,True,False
附件一（训练集）.xlsx|材料1|775,附件一（训练集）.xlsx,C16AEE712BC0AD480B5285F17FA7FA57A5E22A1901D4A6ADB0A1EB83ECFB7FFC,材料1,775,附件一（训练集）.xlsx|材料1|775,8876FB30A328531B887674E6D18D3761245076B079D873CD64F59BEC5236F9EF,F36A1D9C4CCA2FCF6587AFE93963416B8128DE51E401E4AD0518F269589E1AF7,材料1|70|正弦波|54|-20,3,q4-ridge-fold-3,q4-ridge-full,材料1,70,281860,正弦波,0.012462293,3512.62190498,1528994E6DC4B68AEAF1605973D8A67CC1C13011A2FA0A766653FF9BE639C170,AFD3FF9D20B9829C714103D3E47F8B3093FED3601B1C2E47DA69358DA10F3D51,2B66DCDE1539748A4B4C7CE0574A96E1362CBFBE26957E618F2506632D0AAD4E,45EB32BF8721BD38DC5DE0B3298EA0EE5515DF84F1E1AB4BEAE16D445BF8078B,材料1|正弦波|70|fq3|bq0,1824.36441783,1818.52684726,2799.945547,0.00320315484697,0.428177407428,True,False,True,False
附件一（训练集）.xlsx|材料1|1040,附件一（训练集）.xlsx,C16AEE712BC0AD480B5285F17FA7FA57A5E22A1901D4A6ADB0A1EB83ECFB7FFC,材料1,1040,附件一（训练集）.xlsx|材料1|1040,EB766D493155D5534E00A3CD374C93492524F65C3FECBD1DBD685B388891D24D,1C13445B1F6D623CFBBB2A5D32A434BE853B897222A094EEFAA91F4AB1B7E318,材料1|90|正弦波|54|-19,1,q4-ridge-fold-1,q4-ridge-full,材料1,90,281860,正弦波,0.013282729,3743.86999594,1528994E6DC4B68AEAF1605973D8A67CC1C13011A2FA0A766653FF9BE639C170,AFD3FF9D20B9829C714103D3E47F8B3093FED3601B1C2E47DA69358DA10F3D51,2B66DCDE1539748A4B4C7CE0574A96E1362CBFBE26957E618F2506632D0AAD4E,45EB32BF8721BD38DC5DE0B3298EA0EE5515DF84F1E1AB4BEAE16D445BF8078B,材料1|正弦波|90|fq3|bq0,2143.83861653,2131.83615232,3243.681288,0.00561169156427,0.413952816499,True,False,True,False
附件一（训练集）.xlsx|材料1|774,附件一（训练集）.xlsx,C16AEE712BC0AD480B5285F17FA7FA57A5E22A1901D4A6ADB0A1EB83ECFB7FFC,材料1,774,附件一（训练集）.xlsx|材料1|774,0C1544A0D2240DB74D88BF26F1398450BA66B44D9261CBAD57F56A2FA3386130,9E96AF24D7C711F8E28A0E07FB46C3B6CF6E82F286EC8575F143A0BEBEB51505,材料1|70|正弦波|54|-19,3,q4-ridge-fold-3,q4-ridge-full,材料1,70,281850,正弦波,0.01331825,3753.7487625,1528994E6DC4B68AEAF1605973D8A67CC1C13011A2FA0A766653FF9BE639C170,AFD3FF9D20B9829C714103D3E47F8B3093FED3601B1C2E47DA69358DA10F3D51,2B66DCDE1539748A4B4C7CE0574A96E1362CBFBE26957E618F2506632D0AAD4E,45EB32BF8721BD38DC5DE0B3298EA0EE5515DF84F1E1AB4BEAE16D445BF8078B,材料1|正弦波|70|fq3|bq0,2240.46000792,2235.81468687,3219.780591,0.00207460374037,0.362496306948,True,False,True,False
附件一（训练集）.xlsx|材料1|776,附件一（训练集）.xlsx,C16AEE712BC0AD480B5285F17FA7FA57A5E22A1901D4A6ADB0A1EB83ECFB7FFC,材料1,776,附件一（训练集）.xlsx|材料1|776,2F76C0A8D0CD5282631C7F73446B5EEF47EE95D844554C229E743994A45CDB92,F13C2BF0A708F5E983CF89B0286193517A02F2EF4D7555371CCEA81EF8CF23FB,材料1|70|正弦波|54|-19,3,q4-ridge-fold-3,q4-ridge-full,材料1,70,281850,正弦波,0.013937482,3928.2793017,1528994E6DC4B68AEAF1605973D8A67CC1C13011A2FA0A766653FF9BE639C170,AFD3FF9D20B9829C714103D3E47F8B3093FED3601B1C2E47DA69358DA10F3D51,2B66DCDE1539748A4B4C7CE0574A96E1362CBFBE26957E618F2506632D0AAD4E,45EB32BF8721BD38DC5DE0B3298EA0EE5515DF84F1E1AB4BEAE16D445BF8078B,材料1|正弦波|70|fq3|bq0,2519.5779577,2512.97564969,3533.266046,0.00262279928259,0.338017429377,True,True,True,False
附件一（训练集）.xlsx|材料1|1027,附件一（训练集）.xlsx,C16AEE712BC0AD480B5285F17FA7FA57A5E22A1901D4A6ADB0A1EB83ECFB7FFC,材料1,1027,附件一（训练集）.xlsx|材料1|1027,B20570C0495CCF3DFF3756936C382690B63B5F0E84B3D70180934E1B4B96D6D4,662E5915E0B832FAEA7686FE64142C47F6B4373A9E06164F8749C37DF666CDEB,材料1|90|正弦波|53|-19,2,q4-ridge-fold-2,q4-ridge-full,材料1,90,251170,正弦波,0.015650132,3930.84365444,1528994E6DC4B68AEAF1605973D8A67CC1C13011A2FA0A766653FF9BE639C170,AFD3FF9D20B9829C714103D3E47F8B3093FED3601B1C2E47DA69358DA10F3D51,2B66DCDE1539748A4B4C7CE0574A96E1362CBFBE26957E618F2506632D0AAD4E,45EB32BF8721BD38DC5DE0B3298EA0EE5515DF84F1E1AB4BEAE16D445BF8078B,材料1|正弦波|90|fq2|bq0,2497.84676906,2523.32784002,3386.191619,0.0101454922469,0.30417181401,True,True,True,False
附件一（训练集）.xlsx|材料1|998,附件一（训练集）.xlsx,C16AEE712BC0AD480B5285F17FA7FA57A5E22A1901D4A6ADB0A1EB83ECFB7FFC,材料1,998,附件一（训练集）.xlsx|材料1|998,1624FF4DEDB7785C16749E4CF79EC97794ED3B5D0ECD1021555BAF202609751A,FB054D7F49A5919A9AC98571B49FB8A3B783D1542B4ED65E4DF7BC0D7C7ED4E8,材料1|90|正弦波|52|-18,0,q4-ridge-fold-0,q4-ridge-full,材料1,90,199500,正弦波,0.019743763,3938.8807185,1528994E6DC4B68AEAF1605973D8A67CC1C13011A2FA0A766653FF9BE639C170,AFD3FF9D20B9829C714103D3E47F8B3093FED3601B1C2E47DA69358DA10F3D51,2B66DCDE1539748A4B4C7CE0574A96E1362CBFBE26957E618F2506632D0AAD4E,45EB32BF8721BD38DC5DE0B3298EA0EE5515DF84F1E1AB4BEAE16D445BF8078B,材料1|正弦波|90|fq2|bq0,2819.50806062,2838.3324759,3068.389033,0.00665194878585,0.0845614976785,True,True,True,False
附件一（训练集）.xlsx|材料1|788,附件一（训练集）.xlsx,C16AEE712BC0AD480B5285F17FA7FA57A5E22A1901D4A6ADB0A1EB83ECFB7FFC,材料1,788,附件一（训练集）.xlsx|材料1|788,A84CB37BFFE9EAD4E5176AC1C05E2BDA95110E52EC0355CEF50352F61E79E435,A5CA7E6FF299B1E49FC3B03C25EF3A41B7FEB06EE98B0F1AF4F8086C2A83F5AA,材料1|70|正弦波|55|-19,1,q4-ridge-fold-1,q4-ridge-full,材料1,70,316230,正弦波,0.013398008,4236.85206984,1528994E6DC4B68AEAF1605973D8A67CC1C13011A2FA0A766653FF9BE639C170,AFD3FF9D20B9829C714103D3E47F8B3093FED3601B1C2E47DA69358DA10F3D51,2B66DCDE1539748A4B4C7CE0574A96E1362CBFBE26957E618F2506632D0AAD4E,45EB32BF8721BD38DC5DE0B3298EA0EE5515DF84F1E1AB4BEAE16D445BF8078B,材料1|正弦波|70|fq3|bq0,2843.90785649,2840.95306961,4393.820239,0.00103916279448,0.434895949872,True,False,True,False
附件一（训练集）.xlsx|材料1|1056,附件一（训练集）.xlsx,C16AEE712BC0AD480B5285F17FA7FA57A5E22A1901D4A6ADB0A1EB83ECFB7FFC,材料1,1056,附件一（训练集）.xlsx|材料1|1056,F0A887A0F2651FFCAF3B4E52663925539EB906EE3F80B41B57C4975FA5435023,AAFDC9685608F41903E16A05571D67CB9A4440CD1A45CAD6C620E147FE51CE82,材料1|90|正弦波|55|-19,1,q4-ridge-fold-1,q4-ridge-full,材料1,90,316230,正弦波,0.014016864,4432.55290272,1528994E6DC4B68AEAF1605973D8A67CC1C13011A2FA0A766653FF9BE639C170,AFD3FF9D20B9829C714103D3E47F8B3093FED3601B1C2E47DA69358DA10F3D51,2B66DCDE1539748A4B4C7CE0574A96E1362CBFBE26957E618F2506632D0AAD4E,45EB32BF8721BD38DC5DE0B3298EA0EE5515DF84F1E1AB4BEAE16D445BF8078B,材料1|正弦波|90|fq3|bq0,3011.02202538,2989.54115433,4806.866695,0.00715726335761,0.467641848729,True,False,True,False
附件一（训练集）.xlsx|材料1|790,附件一（训练集）.xlsx,C16AEE712BC0AD480B5285F17FA7FA57A5E22A1901D4A6ADB0A1EB83ECFB7FFC,材料1,790,附件一（训练集）.xlsx|材料1|790,3DDC8229FEB7A3CE6AD60EAAFD840FB675324B68A745792077D815AFCA8F2C89,8A4BF8C742B6B7B17CE8476B7168658A967A9E3BC2D086191D4958E43B80C209,材料1|70|正弦波|55|-19,1,q4-ridge-fold-1,q4-ridge-full,材料1,70,316230,正弦波,0.015526902,4910.07221946,1528994E6DC4B68AEAF1605973D8A67CC1C13011A2FA0A766653FF9BE639C170,AFD3FF9D20B9829C714103D3E47F8B3093FED3601B1C2E47DA69358DA10F3D51,2B66DCDE1539748A4B4C7CE0574A96E1362CBFBE26957E618F2506632D0AAD4E,45EB32BF8721BD38DC5DE0B3298EA0EE5515DF84F1E1AB4BEAE16D445BF8078B,材料1|正弦波|70|fq3|bq0,3500.25350873,3499.30913822,5981.65421,0.000269759927416,0.535743267589,True,False,True,False
附件一（训练集）.xlsx|材料1|1043,附件一（训练集）.xlsx,C16AEE712BC0AD480B5285F17FA7FA57A5E22A1901D4A6ADB0A1EB83ECFB7FFC,材料1,1043,附件一（训练集）.xlsx|材料1|1043,204AAB205FD44952021C97B1272E8330C2E07FDAE4071F4B0491ADF993D22D44,37E2239219A206FF6B2712482617D97E718057F69311BC9AB4E937B6D92A3CD8,材料1|90|正弦波|54|-18,3,q4-ridge-fold-3,q4-ridge-full,材料1,90,281850,正弦波,0.017470856,4924.1607636,1528994E6DC4B68AEAF1605973D8A67CC1C13011A2FA0A766653FF9BE639C170,AFD3FF9D20B9829C714103D3E47F8B3093FED3601B1C2E47DA69358DA10F3D51,2B66DCDE1539748A4B4C7CE0574A96E1362CBFBE26957E618F2506632D0AAD4E,45EB32BF8721BD38DC5DE0B3298EA0EE5515DF84F1E1AB4BEAE16D445BF8078B,材料1|正弦波|90|fq3|bq0,3496.8655055,3516.11866549,5672.472447,0.00548916657933,0.483648427913,True,False,True,False
附件一（训练集）.xlsx|材料2|878,附件一（训练集）.xlsx,C16AEE712BC0AD480B5285F17FA7FA57A5E22A1901D4A6ADB0A1EB83ECFB7FFC,材料2,878,附件一（训练集）.xlsx|材料2|878,6CF146509357C486C87B1932504F2430DE404496292646C46DCA3943D128882E,61B4858A405B9B8D518800DD7F87613BD3B92F8256758C0FC85E6CC2F8D85E4B,材料2|90|正弦波|55|-20,1,q4-ridge-fold-1,q4-ridge-full,材料2,90,398100,正弦波,0.01239,4932.459,1528994E6DC4B68AEAF1605973D8A67CC1C13011A2FA0A766653FF9BE639C170,AFD3FF9D20B9829C714103D3E47F8B3093FED3601B1C2E47DA69358DA10F3D51,2B66DCDE1539748A4B4C7CE0574A96E1362CBFBE26957E618F2506632D0AAD4E,45EB32BF8721BD38DC5DE0B3298EA0EE5515DF84F1E1AB4BEAE16D445BF8078B,材料2|正弦波|90|fq3|bq0,3673.77535935,3926.73838105,7634.57,0.0665717805828,0.731325587984,False,False,False,False
附件一（训练集）.xlsx|材料3|235,附件一（训练集）.xlsx,C16AEE712BC0AD480B5285F17FA7FA57A5E22A1901D4A6ADB0A1EB83ECFB7FFC,材料3,235,附件一（训练集）.xlsx|材料3|235,6456385D78A037A24A7D67D2FCA489D2FD89A37F4EC4FD5CD6D620C8759BADC6,6B4BBE58D5329478AE38E0D7FC269C69E9C3B2C2EA5DF930549153A5C7633C79,材料3|70|正弦波|55|-20,2,q4-ridge-fold-2,q4-ridge-full,材料3,70,398100,正弦波,0.012408996,4940.0213076,1528994E6DC4B68AEAF1605973D8A67CC1C13011A2FA0A766653FF9BE639C170,AFD3FF9D20B9829C714103D3E47F8B3093FED3601B1C2E47DA69358DA10F3D51,2B66DCDE1539748A4B4C7CE0574A96E1362CBFBE26957E618F2506632D0AAD4E,45EB32BF8721BD38DC5DE0B3298EA0EE5515DF84F1E1AB4BEAE16D445BF8078B,材料3|正弦波|70|fq3|bq0,4577.94735452,4616.24669747,6644.172297,0.00832943806226,0.372421484195,True,True,False,False
附件一（训练集）.xlsx|材料1|791,附件一（训练集）.xlsx,C16AEE712BC0AD480B5285F17FA7FA57A5E22A1901D4A6ADB0A1EB83ECFB7FFC,材料1,791,附件一（训练集）.xlsx|材料1|791,031E661E43A0F3B2797AAD769CB37DAABC4F1E86C49F5C5F7FB7D098A4FB2FD6,212E7B4C2F87D97EEA6C8B62582DF7335D2D09A0ED36F89FD29CCEBDB4690405,材料1|70|正弦波|55|-18,2,q4-ridge-fold-2,q4-ridge-full,材料1,70,316230,正弦波,0.017416724,5507.69063052,1528994E6DC4B68AEAF1605973D8A67CC1C13011A2FA0A766653FF9BE639C170,AFD3FF9D20B9829C714103D3E47F8B3093FED3601B1C2E47DA69358DA10F3D51,2B66DCDE1539748A4B4C7CE0574A96E1362CBFBE26957E618F2506632D0AAD4E,45EB32BF8721BD38DC5DE0B3298EA0EE5515DF84F1E1AB4BEAE16D445BF8078B,材料1|正弦波|70|fq3|bq0,4838.82166579,4898.52130139,7610.313356,0.0122596326118,0.452757865762,True,False,True,False
附件一（训练集）.xlsx|材料1|1044,附件一（训练集）.xlsx,C16AEE712BC0AD480B5285F17FA7FA57A5E22A1901D4A6ADB0A1EB83ECFB7FFC,材料1,1044,附件一（训练集）.xlsx|材料1|1044,BA4A0F2C796AD81FA3ECAB59781E73B2DB3DF4B9E2A070ED04EF9E85C4EB8686,3B0883DAEEDF2013E71487D5FA51F273A0B48AFB34DE75E2CA10C170386F8039,材料1|90|正弦波|54|-18,3,q4-ridge-fold-3,q4-ridge-full,材料1,90,281850,正弦波,0.019551642,5510.6302977,1528994E6DC4B68AEAF1605973D8A67CC1C13011A2FA0A766653FF9BE639C170,AFD3FF9D20B9829C714103D3E47F8B3093FED3601B1C2E47DA69358DA10F3D51,2B66DCDE1539748A4B4C7CE0574A96E1362CBFBE26957E618F2506632D0AAD4E,45EB32BF8721BD38DC5DE0B3298EA0EE5515DF84F1E1AB4BEAE16D445BF8078B,材料1|正弦波|90|fq3|bq0,4874.80556673,4910.31068817,7177.279865,0.00725551352852,0.386774445982,True,False,True,False
附件一（训练集）.xlsx|材料1|1057,附件一（训练集）.xlsx,C16AEE712BC0AD480B5285F17FA7FA57A5E22A1901D4A6ADB0A1EB83ECFB7FFC,材料1,1057,附件一（训练集）.xlsx|材料1|1057,2D70A891FE5661DFCDA0C62A724EB4E1A82868501366A6D48416A6FB43FDCC24,6B590B11D6021C6706F55768C8838DA68D505508A6026F4B3E3F9C728A89B728,材料1|90|正弦波|55|-18,1,q4-ridge-fold-1,q4-ridge-full,材料1,90,316230,正弦波,0.019501787,6167.05010301,1528994E6DC4B68AEAF1605973D8A67CC1C13011A2FA0A766653FF9BE639C170,AFD3FF9D20B9829C714103D3E47F8B3093FED3601B1C2E47DA69358DA10F3D51,2B66DCDE1539748A4B4C7CE0574A96E1362CBFBE26957E618F2506632D0AAD4E,45EB32BF8721BD38DC5DE0B3298EA0EE5515DF84F1E1AB4BEAE16D445BF8078B,材料1|正弦波|90|fq3|bq0,6060.28700795,6049.91074318,9438.850999,0.00171335830567,0.443018040947,True,False,True,False
附件一（训练集）.xlsx|材料1|792,附件一（训练集）.xlsx,C16AEE712BC0AD480B5285F17FA7FA57A5E22A1901D4A6ADB0A1EB83ECFB7FFC,材料1,792,附件一（训练集）.xlsx|材料1|792,C2D1520A602682AD10EE1F1BD35B465617D9EE6CA21F779035896092086700AE,A8099341DB54BF284DE27146ED4C204B5BB4BA6E2776FCA6C800FA029DB831AF,材料1|70|正弦波|55|-18,2,q4-ridge-fold-2,q4-ridge-full,材料1,70,316230,正弦波,0.019605078,6199.71381594,1528994E6DC4B68AEAF1605973D8A67CC1C13011A2FA0A766653FF9BE639C170,AFD3FF9D20B9829C714103D3E47F8B3093FED3601B1C2E47DA69358DA10F3D51,2B66DCDE1539748A4B4C7CE0574A96E1362CBFBE26957E618F2506632D0AAD4E,45EB32BF8721BD38DC5DE0B3298EA0EE5515DF84F1E1AB4BEAE16D445BF8078B,材料1|正弦波|70|fq3|bq0,6381.82692396,6478.12055383,9830.333671,0.0149736934018,0.431963507756,False,False,True,False
附件一（训练集）.xlsx|材料2|2909,附件一（训练集）.xlsx,C16AEE712BC0AD480B5285F17FA7FA57A5E22A1901D4A6ADB0A1EB83ECFB7FFC,材料2,2909,附件一（训练集）.xlsx|材料2|2909,AC50AFEB381DFD1ABF5BE4331791953DFB79408524056DEDCB1B4F791EBBBC96,19BCC3370F956533567074A33F33D91BFBD35B20DB48D84BC8EEBF949C7A9655,材料2|90|梯形波|56|-20,3,q4-ridge-fold-3,q4-ridge-full,材料2,90,499980,梯形波,0.01246438,6231.9407124,1528994E6DC4B68AEAF1605973D8A67CC1C13011A2FA0A766653FF9BE639C170,AFD3FF9D20B9829C714103D3E47F8B3093FED3601B1C2E47DA69358DA10F3D51,2B66DCDE1539748A4B4C7CE0574A96E1362CBFBE26957E618F2506632D0AAD4E,45EB32BF8721BD38DC5DE0B3298EA0EE5515DF84F1E1AB4BEAE16D445BF8078B,材料2|梯形波|90|fq3|bq0,7161.80444742,7184.50195309,14525.72304,0.00316379145652,0.707088334635,True,False,True,False
附件一（训练集）.xlsx|材料2|2986,附件一（训练集）.xlsx,C16AEE712BC0AD480B5285F17FA7FA57A5E22A1901D4A6ADB0A1EB83ECFB7FFC,材料2,2986,附件一（训练集）.xlsx|材料2|2986,AF6C197B84F075E59D107CEE73C5C87779702917A4536B22A4E46BF6E97498D9,C13D900D3E5B0596F5A26DCAB2A6C652A9B2B9F136175F0C394989EAF285A9C9,材料2|90|梯形波|56|-20,3,q4-ridge-fold-3,q4-ridge-full,材料2,90,499980,梯形波,0.012507294,6253.39685412,1528994E6DC4B68AEAF1605973D8A67CC1C13011A2FA0A766653FF9BE639C170,AFD3FF9D20B9829C714103D3E47F8B3093FED3601B1C2E47DA69358DA10F3D51,2B66DCDE1539748A4B4C7CE0574A96E1362CBFBE26957E618F2506632D0AAD4E,45EB32BF8721BD38DC5DE0B3298EA0EE5515DF84F1E1AB4BEAE16D445BF8078B,材料2|梯形波|90|fq3|bq0,7182.29036407,7257.6161856,13603.70161,0.0104316565608,0.638657893553,True,False,True,False
附件一（训练集）.xlsx|材料2|2662,附件一（训练集）.xlsx,C16AEE712BC0AD480B5285F17FA7FA57A5E22A1901D4A6ADB0A1EB83ECFB7FFC,材料2,2662,附件一（训练集）.xlsx|材料2|2662,91879180B73E93013E6CC75529954EA6B94B7AE9B128DCB4514C75CA5E7FF8C2,C69C84BBF6DF761E9E4241BDF239250EFBB0B086F954583D69C009DC6BC2B0D6,材料2|70|梯形波|56|-20,0,q4-ridge-fold-0,q4-ridge-full,材料2,70,499980,梯形波,0.012512104,6255.80175792,1528994E6DC4B68AEAF1605973D8A67CC1C13011A2FA0A766653FF9BE639C170,AFD3FF9D20B9829C714103D3E47F8B3093FED3601B1C2E47DA69358DA10F3D51,2B66DCDE1539748A4B4C7CE0574A96E1362CBFBE26957E618F2506632D0AAD4E,45EB32BF8721BD38DC5DE0B3298EA0EE5515DF84F1E1AB4BEAE16D445BF8078B,材料2|梯形波|70|fq3|bq0,7614.34809153,7555.17017298,13750.94473,0.00780122564456,0.591014552421,True,False,True,False
附件一（训练集）.xlsx|材料1|3138,附件一（训练集）.xlsx,C16AEE712BC0AD480B5285F17FA7FA57A5E22A1901D4A6ADB0A1EB83ECFB7FFC,材料1,3138,附件一（训练集）.xlsx|材料1|3138,EC2FA8E17C667466D2C2986DCA53AE5CDCB775E2467053B6926913C32AE2E2EA,7905DB9294D681E32364DAD0918D0321A2B734A17244F6C0085316F209BE558A,材料1|90|三角波|55|-18,3,q4-ridge-fold-3,q4-ridge-full,材料1,90,396820,三角波,0.017425363,6914.73254566,1528994E6DC4B68AEAF1605973D8A67CC1C13011A2FA0A766653FF9BE639C170,AFD3FF9D20B9829C714103D3E47F8B3093FED3601B1C2E47DA69358DA10F3D51,2B66DCDE1539748A4B4C7CE0574A96E1362CBFBE26957E618F2506632D0AAD4E,45EB32BF8721BD38DC5DE0B3298EA0EE5515DF84F1E1AB4BEAE16D445BF8078B,材料1|三角波|90|fq3|bq0,7946.73440329,8174.48882894,12570.41001,0.0282536032513,0.458538281611,False,False,True,False
附件一（训练集）.xlsx|材料1|1058,附件一（训练集）.xlsx,C16AEE712BC0AD480B5285F17FA7FA57A5E22A1901D4A6ADB0A1EB83ECFB7FFC,材料1,1058,附件一（训练集）.xlsx|材料1|1058,BDAABA47618294F595903F0D6964458D5E7CAB804FE14CA1F1F224FCEA1B58B5,1D9DF1155683A9512076039146592DE2E7153E6FD358FE1FFE61FCD176408D4A,材料1|90|正弦波|55|-17,2,q4-ridge-fold-2,q4-ridge-full,材料1,90,316230,正弦波,0.021946757,6940.22296611,1528994E6DC4B68AEAF1605973D8A67CC1C13011A2FA0A766653FF9BE639C170,AFD3FF9D20B9829C714103D3E47F8B3093FED3601B1C2E47DA69358DA10F3D51,2B66DCDE1539748A4B4C7CE0574A96E1362CBFBE26957E618F2506632D0AAD4E,45EB32BF8721BD38DC5DE0B3298EA0EE5515DF84F1E1AB4BEAE16D445BF8078B,材料1|正弦波|90|fq3|bq0,8110.16536693,8231.16110818,12093.85559,0.0148070164414,0.399538651483,False,False,True,False
附件一（训练集）.xlsx|材料1|2871,附件一（训练集）.xlsx,C16AEE712BC0AD480B5285F17FA7FA57A5E22A1901D4A6ADB0A1EB83ECFB7FFC,材料1,2871,附件一（训练集）.xlsx|材料1|2871,E3A0344F41F87FCB29E555074788A6C3D1C6FD386101FEC24214CF4950EE85DB,881E5A02440D36C7476ED61DC0092751AE3D6F5C2134A9F99E920344B7D87E81,材料1|70|三角波|55|-18,3,q4-ridge-fold-3,q4-ridge-full,材料1,70,396820,三角波,0.017530999,6956.65102318,1528994E6DC4B68AEAF1605973D8A67CC1C13011A2FA0A766653FF9BE639C170,AFD3FF9D20B9829C714103D3E47F8B3093FED3601B1C2E47DA69358DA10F3D51,2B66DCDE1539748A4B4C7CE0574A96E1362CBFBE26957E618F2506632D0AAD4E,45EB32BF8721BD38DC5DE0B3298EA0EE5515DF84F1E1AB4BEAE16D445BF8078B,材料1|三角波|70|fq3|bq0,8679.8072268,8868.49821205,12588.49228,0.0215037005353,0.371747997172,False,False,False,False
附件一（训练集）.xlsx|材料1|3139,附件一（训练集）.xlsx,C16AEE712BC0AD480B5285F17FA7FA57A5E22A1901D4A6ADB0A1EB83ECFB7FFC,材料1,3139,附件一（训练集）.xlsx|材料1|3139,DB1AF4F915167F5E31CF76C953421DBBD3F34A8A6925AE548E7A0AFAE70B2573,E7658EEFEE6FE6248AF54EE6E851F91785C0B7C152CAA1894AAADD8516DC9A84,材料1|90|三角波|55|-18,3,q4-ridge-fold-3,q4-ridge-full,材料1,90,396820,三角波,0.019530552,7750.11364464,1528994E6DC4B68AEAF1605973D8A67CC1C13011A2FA0A766653FF9BE639C170,AFD3FF9D20B9829C714103D3E47F8B3093FED3601B1C2E47DA69358DA10F3D51,2B66DCDE1539748A4B4C7CE0574A96E1362CBFBE26957E618F2506632D0AAD4E,45EB32BF8721BD38DC5DE0B3298EA0EE5515DF84F1E1AB4BEAE16D445BF8078B,材料1|三角波|90|fq3|bq0,10063.8764643,10314.7748753,15517.87854,0.0246224796875,0.433005467898,False,False,True,False
附件一（训练集）.xlsx|材料1|3158,附件一（训练集）.xlsx,C16AEE712BC0AD480B5285F17FA7FA57A5E22A1901D4A6ADB0A1EB83ECFB7FFC,材料1,3158,附件一（训练集）.xlsx|材料1|3158,571CBF57808F25FA645E38F0BBDBA90904C7E0DA3EAB3DCF879D26E745617AE1,7168F0AFEA12B40FB770607C3448C4BA7AB3F66EA95CF27ADE70084C72E626FF,材料1|90|三角波|55|-18,3,q4-ridge-fold-3,q4-ridge-full,材料1,90,396820,三角波,0.019560298,7761.91745236,1528994E6DC4B68AEAF1605973D8A67CC1C13011A2FA0A766653FF9BE639C170,AFD3FF9D20B9829C714103D3E47F8B3093FED3601B1C2E47DA69358DA10F3D51,2B66DCDE1539748A4B4C7CE0574A96E1362CBFBE26957E618F2506632D0AAD4E,45EB32BF8721BD38DC5DE0B3298EA0EE5515DF84F1E1AB4BEAE16D445BF8078B,材料1|三角波|90|fq3|bq0,10462.2759815,10827.0490442,15436.57239,0.034268300178,0.388932702657,False,False,True,False
附件一（训练集）.xlsx|材料1|1059,附件一（训练集）.xlsx,C16AEE712BC0AD480B5285F17FA7FA57A5E22A1901D4A6ADB0A1EB83ECFB7FFC,材料1,1059,附件一（训练集）.xlsx|材料1|1059,EE51B8E09672EFCD45C3E5E20E2C081E2F8B5D817B8B3D8B99C5AC42B9E817DA,E149B5F202458D6739BD9192593E17040F78D54CDB0E838851ED680622F9665A,材料1|90|正弦波|55|-17,2,q4-ridge-fold-2,q4-ridge-full,材料1,90,316230,正弦波,0.024720883,7817.48483109,1528994E6DC4B68AEAF1605973D8A67CC1C13011A2FA0A766653FF9BE639C170,AFD3FF9D20B9829C714103D3E47F8B3093FED3601B1C2E47DA69358DA10F3D51,2B66DCDE1539748A4B4C7CE0574A96E1362CBFBE26957E618F2506632D0AAD4E,45EB32BF8721BD38DC5DE0B3298EA0EE5515DF84F1E1AB4BEAE16D445BF8078B,材料1|正弦波|90|fq3|bq0,10663.3222997,10831.3399887,15557.23073,0.0156322975404,0.377686000415,False,False,True,False
附件一（训练集）.xlsx|材料1|781,附件一（训练集）.xlsx,C16AEE712BC0AD480B5285F17FA7FA57A5E22A1901D4A6ADB0A1EB83ECFB7FFC,材料1,781,附件一（训练集）.xlsx|材料1|781,23078B182D8B3AD2112D83DEA734B48A9882F2A62496ECBAA77E5BA2699B6E0E,7EC863A81B3C8527E1A25070CF971F6D95E01E3FE1FD224FC2DE4ABA7B28029D,材料1|70|正弦波|54|-16,0,q4-ridge-fold-0,q4-ridge-full,材料1,70,281850,正弦波,0.027769963,7826.96407155,1528994E6DC4B68AEAF1605973D8A67CC1C13011A2FA0A766653FF9BE639C170,AFD3FF9D20B9829C714103D3E47F8B3093FED3601B1C2E47DA69358DA10F3D51,2B66DCDE1539748A4B4C7CE0574A96E1362CBFBE26957E618F2506632D0AAD4E,45EB32BF8721BD38DC5DE0B3298EA0EE5515DF84F1E1AB4BEAE16D445BF8078B,材料1|正弦波|70|fq3|bq1,12684.3995704,12635.0217495,15791.35772,0.00390008782409,0.219074442415,True,True,True,False
附件一（训练集）.xlsx|材料2|2987,附件一（训练集）.xlsx,C16AEE712BC0AD480B5285F17FA7FA57A5E22A1901D4A6ADB0A1EB83ECFB7FFC,材料2,2987,附件一（训练集）.xlsx|材料2|2987,8B44F0FDCA429F906B654DDDCEAF35E28782A5B6CE97B99FD6526B508C4B7A5B,C626A260C810156A4D8725B08B7B82F57E8AF00EE855AE880BAF1D98C2657F41,材料2|90|梯形波|56|-19,4,q4-ridge-fold-4,q4-ridge-full,材料2,90,499980,梯形波,0.015697037,7848.20455926,1528994E6DC4B68AEAF1605973D8A67CC1C13011A2FA0A766653FF9BE639C170,AFD3FF9D20B9829C714103D3E47F8B3093FED3601B1C2E47DA69358DA10F3D51,2B66DCDE1539748A4B4C7CE0574A96E1362CBFBE26957E618F2506632D0AAD4E,45EB32BF8721BD38DC5DE0B3298EA0EE5515DF84F1E1AB4BEAE16D445BF8078B,材料2|梯形波|90|fq3|bq0,13161.8010182,13006.695849,21710.19991,0.0118535758874,0.500433505707,False,False,True,False
附件一（训练集）.xlsx|材料1|3140,附件一（训练集）.xlsx,C16AEE712BC0AD480B5285F17FA7FA57A5E22A1901D4A6ADB0A1EB83ECFB7FFC,材料1,3140,附件一（训练集）.xlsx|材料1|3140,3C65F16CF27251D9177677401953627C2C113964A26D82180BC0681CCC86D558,B9D69C7CF7FA06F75AE498D9146E0E8C8315FEF490EA6B92BB819B415C9F093A,材料1|90|三角波|55|-17,4,q4-ridge-fold-4,q4-ridge-full,材料1,90,396820,三角波,0.021985917,8724.45158394,1528994E6DC4B68AEAF1605973D8A67CC1C13011A2FA0A766653FF9BE639C170,AFD3FF9D20B9829C714103D3E47F8B3093FED3601B1C2E47DA69358DA10F3D51,2B66DCDE1539748A4B4C7CE0574A96E1362CBFBE26957E618F2506632D0AAD4E,45EB32BF8721BD38DC5DE0B3298EA0EE5515DF84F1E1AB4BEAE16D445BF8078B,材料1|三角波|90|fq3|bq0,13873.5912379,13661.5291869,19795.59082,0.0154022090885,0.355450543201,False,False,True,False
附件一（训练集）.xlsx|材料1|1060,附件一（训练集）.xlsx,C16AEE712BC0AD480B5285F17FA7FA57A5E22A1901D4A6ADB0A1EB83ECFB7FFC,材料1,1060,附件一（训练集）.xlsx|材料1|1060,604C66981E8D5AC589010BA21A1C8AB08DEBA3E71F9AC2688230BB8A56C89EFE,98F105107C46DF20E9BDD7D1072C3ED9F6F5B7626C73330E7BA428B2C996814D,材料1|90|正弦波|55|-16,4,q4-ridge-fold-4,q4-ridge-full,材料1,90,316230,正弦波,0.027714279,8764.08644817,1528994E6DC4B68AEAF1605973D8A67CC1C13011A2FA0A766653FF9BE639C170,AFD3FF9D20B9829C714103D3E47F8B3093FED3601B1C2E47DA69358DA10F3D51,2B66DCDE1539748A4B4C7CE0574A96E1362CBFBE26957E618F2506632D0AAD4E,45EB32BF8721BD38DC5DE0B3298EA0EE5515DF84F1E1AB4BEAE16D445BF8078B,材料1|正弦波|90|fq3|bq1,14232.0649457,14064.4217705,19778.73104,0.0118483463846,0.329089953414,True,True,False,False
附件一（训练集）.xlsx|材料1|782,附件一（训练集）.xlsx,C16AEE712BC0AD480B5285F17FA7FA57A5E22A1901D4A6ADB0A1EB83ECFB7FFC,材料1,782,附件一（训练集）.xlsx|材料1|782,04473846B32A6DAA6D78A52D407DF731C15512763D961CEFC058352A73C6A930,6F8227A00A4FAE159BDB6A724C0B6A970356ADD1A3A1AB82C0A55C4FF6B4647D,材料1|70|正弦波|54|-16,0,q4-ridge-fold-0,q4-ridge-full,材料1,70,281850,正弦波,0.031172499,8785.96884315,1528994E6DC4B68AEAF1605973D8A67CC1C13011A2FA0A766653FF9BE639C170,AFD3FF9D20B9829C714103D3E47F8B3093FED3601B1C2E47DA69358DA10F3D51,2B66DCDE1539748A4B4C7CE0574A96E1362CBFBE26957E618F2506632D0AAD4E,45EB32BF8721BD38DC5DE0B3298EA0EE5515DF84F1E1AB4BEAE16D445BF8078B,材料1|正弦波|70|fq3|bq1,16824.4874044,16795.9462799,20371.23037,0.0016977433355,0.191277872957,True,True,True,False
附件一（训练集）.xlsx|材料1|3141,附件一（训练集）.xlsx,C16AEE712BC0AD480B5285F17FA7FA57A5E22A1901D4A6ADB0A1EB83ECFB7FFC,材料1,3141,附件一（训练集）.xlsx|材料1|3141,5E54A87E5D48BB0957820E5870371D6678E18476406AC061391BD20F4E2BF93C,34CC6DD51D8CFFDB299DD677B415F8F77C2604259E2FE440B4DCB8C62F35042D,材料1|90|三角波|55|-17,4,q4-ridge-fold-4,q4-ridge-full,材料1,90,396820,三角波,0.024912519,9885.78578958,1528994E6DC4B68AEAF1605973D8A67CC1C13011A2FA0A766653FF9BE639C170,AFD3FF9D20B9829C714103D3E47F8B3093FED3601B1C2E47DA69358DA10F3D51,2B66DCDE1539748A4B4C7CE0574A96E1362CBFBE26957E618F2506632D0AAD4E,45EB32BF8721BD38DC5DE0B3298EA0EE5515DF84F1E1AB4BEAE16D445BF8078B,材料1|三角波|90|fq3|bq0,18651.4968253,18374.4607218,25579.77298,0.0149638970813,0.315860998672,False,False,True,False
附件一（训练集）.xlsx|材料1|1061,附件一（训练集）.xlsx,C16AEE712BC0AD480B5285F17FA7FA57A5E22A1901D4A6ADB0A1EB83ECFB7FFC,材料1,1061,附件一（训练集）.xlsx|材料1|1061,D30BAFA2A345007892F854398FBA2C402A42136E9747F4FA383CBDFB8669BFC5,7C09334BF50418E909B5DA281FB97EBA8FA73C68870ABE9EA35FD15863C1E408,材料1|90|正弦波|55|-16,4,q4-ridge-fold-4,q4-ridge-full,材料1,90,316230,正弦波,0.031319005,9904.00895115,1528994E6DC4B68AEAF1605973D8A67CC1C13011A2FA0A766653FF9BE639C170,AFD3FF9D20B9829C714103D3E47F8B3093FED3601B1C2E47DA69358DA10F3D51,2B66DCDE1539748A4B4C7CE0574A96E1362CBFBE26957E618F2506632D0AAD4E,45EB32BF8721BD38DC5DE0B3298EA0EE5515DF84F1E1AB4BEAE16D445BF8078B,材料1|正弦波|90|fq3|bq1,19077.0925574,18936.7380658,25667.99566,0.00738403591464,0.296743178832,True,True,False,False
附件一（训练集）.xlsx|材料1|1047,附件一（训练集）.xlsx,C16AEE712BC0AD480B5285F17FA7FA57A5E22A1901D4A6ADB0A1EB83ECFB7FFC,材料1,1047,附件一（训练集）.xlsx|材料1|1047,8004B5C1604707E5DC91F18B810CC6FF4930A7568991A8AB2B048C41989DA43B,0630A81BCA7D50AC8B020A95315371191D5AF2AEAECE8FF7EB3DC5BB1D038CD6,材料1|90|正弦波|54|-15,3,q4-ridge-fold-3,q4-ridge-full,材料1,90,281860,正弦波,0.03514157,9905.0029202,1528994E6DC4B68AEAF1605973D8A67CC1C13011A2FA0A766653FF9BE639C170,AFD3FF9D20B9829C714103D3E47F8B3093FED3601B1C2E47DA69358DA10F3D51,2B66DCDE1539748A4B4C7CE0574A96E1362CBFBE26957E618F2506632D0AAD4E,45EB32BF8721BD38DC5DE0B3298EA0EE5515DF84F1E1AB4BEAE16D445BF8078B,材料1|正弦波|90|fq3|bq1,20406.8744191,20428.2730696,25046.69085,0.00104799937187,0.204860814338,True,True,False,False
附件一（训练集）.xlsx|材料1|2886,附件一（训练集）.xlsx,C16AEE712BC0AD480B5285F17FA7FA57A5E22A1901D4A6ADB0A1EB83ECFB7FFC,材料1,2886,附件一（训练集）.xlsx|材料1|2886,6A9C77BE61B873779BA5307A0CFBE6E4A15E7F172247C5B7A7AB29FECB24AB53,0AA99E2607C998D048D2B042F03BFED66EEBA905AED75AFCD7E0A51225ADCF26,材料1|70|三角波|55|-17,3,q4-ridge-fold-3,q4-ridge-full,材料1,70,396820,三角波,0.025043526,9937.77198732,1528994E6DC4B68AEAF1605973D8A67CC1C13011A2FA0A766653FF9BE639C170,AFD3FF9D20B9829C714103D3E47F8B3093FED3601B1C2E47DA69358DA10F3D51,2B66DCDE1539748A4B4C7CE0574A96E1362CBFBE26957E618F2506632D0AAD4E,45EB32BF8721BD38DC5DE0B3298EA0EE5515DF84F1E1AB4BEAE16D445BF8078B,材料1|三角波|70|fq3|bq0,20060.4459185,20652.9308201,25903.96896,0.0291057961541,0.25563494242,False,True,False,False
附件一（训练集）.xlsx|材料1|3142,附件一（训练集）.xlsx,C16AEE712BC0AD480B5285F17FA7FA57A5E22A1901D4A6ADB0A1EB83ECFB7FFC,材料1,3142,附件一（训练集）.xlsx|材料1|3142,7BBDB2C60DD946C4E087D20BED4AC64A3B0940C99E7E93FABD50DB06E1AF0212,B539825BBFF6E0B53CEC66AF6356348A93F17C0C4E824EB44A95E39F41F624CD,材料1|90|三角波|55|-16,1,q4-ridge-fold-1,q4-ridge-full,材料1,90,396820,三角波,0.027761929,11016.4886658,1528994E6DC4B68AEAF1605973D8A67CC1C13011A2FA0A766653FF9BE639C170,AFD3FF9D20B9829C714103D3E47F8B3093FED3601B1C2E47DA69358DA10F3D51,2B66DCDE1539748A4B4C7CE0574A96E1362CBFBE26957E618F2506632D0AAD4E,45EB32BF8721BD38DC5DE0B3298EA0EE5515DF84F1E1AB4BEAE16D445BF8078B,材料1|三角波|90|fq3|bq1,23894.3240856,23790.5573344,32097.7636,0.00435201094677,0.295134717418,True,False,False,False
附件一（训练集）.xlsx|材料1|2873,附件一（训练集）.xlsx,C16AEE712BC0AD480B5285F17FA7FA57A5E22A1901D4A6ADB0A1EB83ECFB7FFC,材料1,2873,附件一（训练集）.xlsx|材料1|2873,F6E1BFF1E2BD8D1A20402DAFCCD7E107A87BD5CFADB4EA8B16046C7622F5F9D4,51AD585503D2D2374859EFCDC15C3F1AD44F75EC7771AB9D94C07D4DF9A2C378,材料1|70|三角波|55|-16,0,q4-ridge-fold-0,q4-ridge-full,材料1,70,396820,三角波,0.027777684,11022.7405649,1528994E6DC4B68AEAF1605973D8A67CC1C13011A2FA0A766653FF9BE639C170,AFD3FF9D20B9829C714103D3E47F8B3093FED3601B1C2E47DA69358DA10F3D51,2B66DCDE1539748A4B4C7CE0574A96E1362CBFBE26957E618F2506632D0AAD4E,45EB32BF8721BD38DC5DE0B3298EA0EE5515DF84F1E1AB4BEAE16D445BF8078B,材料1|三角波|70|fq3|bq1,25232.1282675,24708.3565581,32439.20483,0.0209757650344,0.251240798387,False,True,False,False
附件一（训练集）.xlsx|材料1|2887,附件一（训练集）.xlsx,C16AEE712BC0AD480B5285F17FA7FA57A5E22A1901D4A6ADB0A1EB83ECFB7FFC,材料1,2887,附件一（训练集）.xlsx|材料1|2887,82E8997B2F48EDA1E4D506C932DDE9CE32B3CCEE23DBD2B51E206BC5A9298FCD,9606E4DDA426B679724E3BADBEBAE2BFD02EBBFFB1A5874D1625934CAA400274,材料1|70|三角波|55|-16,0,q4-ridge-fold-0,q4-ridge-full,材料1,70,396820,三角波,0.027878568,11062.7733538,1528994E6DC4B68AEAF1605973D8A67CC1C13011A2FA0A766653FF9BE639C170,AFD3FF9D20B9829C714103D3E47F8B3093FED3601B1C2E47DA69358DA10F3D51,2B66DCDE1539748A4B4C7CE0574A96E1362CBFBE26957E618F2506632D0AAD4E,45EB32BF8721BD38DC5DE0B3298EA0EE5515DF84F1E1AB4BEAE16D445BF8078B,材料1|三角波|70|fq3|bq1,26394.2336973,25682.0608258,32611.94525,0.0273517893288,0.211525851026,False,True,False,False
附件一（训练集）.xlsx|材料1|1062,附件一（训练集）.xlsx,C16AEE712BC0AD480B5285F17FA7FA57A5E22A1901D4A6ADB0A1EB83ECFB7FFC,材料1,1062,附件一（训练集）.xlsx|材料1|1062,B86273171051CF6BA88FE3EAD600A8F1F88805468FF988ACCA4EA583460828D6,E1DB09502494CC8C87C64C5956CAB2A06DDC176DF9BA06A7F7DF3E1C80F8D406,材料1|90|正弦波|55|-15,3,q4-ridge-fold-3,q4-ridge-full,材料1,90,316230,正弦波,0.035201699,11131.8332748,1528994E6DC4B68AEAF1605973D8A67CC1C13011A2FA0A766653FF9BE639C170,AFD3FF9D20B9829C714103D3E47F8B3093FED3601B1C2E47DA69358DA10F3D51,2B66DCDE1539748A4B4C7CE0574A96E1362CBFBE26957E618F2506632D0AAD4E,45EB32BF8721BD38DC5DE0B3298EA0EE5515DF84F1E1AB4BEAE16D445BF8078B,材料1|正弦波|90|fq3|bq1,28261.8475356,28291.674841,33066.84625,0.00105479737122,0.157013263637,True,True,False,False
附件一（训练集）.xlsx|材料1|2874,附件一（训练集）.xlsx,C16AEE712BC0AD480B5285F17FA7FA57A5E22A1901D4A6ADB0A1EB83ECFB7FFC,材料1,2874,附件一（训练集）.xlsx|材料1|2874,4AE8685B28AA95419DA6E320E30DFBD32FA930ED6A433D5EBF0A326B01B52595,9B195025A2403BCBF0890E4A910B3517284C6F29744BCD6396FEC784DD12BC43,材料1|70|三角波|55|-16,0,q4-ridge-fold-0,q4-ridge-full,材料1,70,396820,三角波,0.031123839,12350.561792,1528994E6DC4B68AEAF1605973D8A67CC1C13011A2FA0A766653FF9BE639C170,AFD3FF9D20B9829C714103D3E47F8B3093FED3601B1C2E47DA69358DA10F3D51,2B66DCDE1539748A4B4C7CE0574A96E1362CBFBE26957E618F2506632D0AAD4E,45EB32BF8721BD38DC5DE0B3298EA0EE5515DF84F1E1AB4BEAE16D445BF8078B,材料1|三角波|70|fq3|bq1,31395.1894259,30700.6061081,41428.67568,0.0223715602375,0.277310898228,False,True,False,False
附件一（训练集）.xlsx|材料1|1063,附件一（训练集）.xlsx,C16AEE712BC0AD480B5285F17FA7FA57A5E22A1901D4A6ADB0A1EB83ECFB7FFC,材料1,1063,附件一（训练集）.xlsx|材料1|1063,0867414D319CF5EB1796B7AA6F689E85C592F95C57842DD420A8BF6659D99CA5,303BB44309F23B225B67D2E9396E9D4E0638C539E38434AF3644857EAA8BEF8E,材料1|90|正弦波|55|-15,3,q4-ridge-fold-3,q4-ridge-full,材料1,90,316230,正弦波,0.039285293,12423.1882054,1528994E6DC4B68AEAF1605973D8A67CC1C13011A2FA0A766653FF9BE639C170,AFD3FF9D20B9829C714103D3E47F8B3093FED3601B1C2E47DA69358DA10F3D51,2B66DCDE1539748A4B4C7CE0574A96E1362CBFBE26957E618F2506632D0AAD4E,45EB32BF8721BD38DC5DE0B3298EA0EE5515DF84F1E1AB4BEAE16D445BF8078B,材料1|正弦波|90|fq3|bq1,32213.4642929,32220.7730437,43155.12273,0.00022685219167,0.292408748221,True,True,False,False
附件一（训练集）.xlsx|材料1|1049,附件一（训练集）.xlsx,C16AEE712BC0AD480B5285F17FA7FA57A5E22A1901D4A6ADB0A1EB83ECFB7FFC,材料1,1049,附件一（训练集）.xlsx|材料1|1049,7BCB34DBBE9C4EF7A7842AD660DFA4A7927543A29AFC43D5DEDCEBE31FEFC749,F141B2C763D585AB98B2D158A2C46EF997AA65C07D4C918CE445D644C75D5382,材料1|90|正弦波|54|-14,4,q4-ridge-fold-4,q4-ridge-full,材料1,90,281860,正弦波,0.044160952,12447.2059307,1528994E6DC4B68AEAF1605973D8A67CC1C13011A2FA0A766653FF9BE639C170,AFD3FF9D20B9829C714103D3E47F8B3093FED3601B1C2E47DA69358DA10F3D51,2B66DCDE1539748A4B4C7CE0574A96E1362CBFBE26957E618F2506632D0AAD4E,45EB32BF8721BD38DC5DE0B3298EA0EE5515DF84F1E1AB4BEAE16D445BF8078B,材料1|正弦波|90|fq3|bq1,35407.2909526,35031.4545119,42962.83211,0.0106710968109,0.19341264762,True,True,False,False
附件一（训练集）.xlsx|材料1|3143,附件一（训练集）.xlsx,C16AEE712BC0AD480B5285F17FA7FA57A5E22A1901D4A6ADB0A1EB83ECFB7FFC,材料1,3143,附件一（训练集）.xlsx|材料1|3143,E5859C02EA98BB06DE97BF8D38CB24A624200C1928A32931141DA75733C0439D,01DCEB04FBE374CA05E8DEAB00133A47CAF7EBF3452D0BE0FBA3A49361E34F0E,材料1|90|三角波|55|-15,0,q4-ridge-fold-0,q4-ridge-full,材料1,90,396820,三角波,0.034723929,13779.1495058,1528994E6DC4B68AEAF1605973D8A67CC1C13011A2FA0A766653FF9BE639C170,AFD3FF9D20B9829C714103D3E47F8B3093FED3601B1C2E47DA69358DA10F3D51,2B66DCDE1539748A4B4C7CE0574A96E1362CBFBE26957E618F2506632D0AAD4E,45EB32BF8721BD38DC5DE0B3298EA0EE5515DF84F1E1AB4BEAE16D445BF8078B,材料1|三角波|90|fq3|bq1,38622.4963811,37995.650907,51309.35938,0.0163627839995,0.284031863207,False,True,False,False
附件一（训练集）.xlsx|材料1|3161,附件一（训练集）.xlsx,C16AEE712BC0AD480B5285F17FA7FA57A5E22A1901D4A6ADB0A1EB83ECFB7FFC,材料1,3161,附件一（训练集）.xlsx|材料1|3161,8B6CC98F6E830D1C86315210D7B26AAE1D4665316358A3F9835799080E03AC5F,2D74DD2EDF4792000E3786FCE0231AC5C06FB57FD33DDF3DF12DFCE0DB7B091F,材料1|90|三角波|55|-15,0,q4-ridge-fold-0,q4-ridge-full,材料1,90,396820,三角波,0.034785461,13803.566634,1528994E6DC4B68AEAF1605973D8A67CC1C13011A2FA0A766653FF9BE639C170,AFD3FF9D20B9829C714103D3E47F8B3093FED3601B1C2E47DA69358DA10F3D51,2B66DCDE1539748A4B4C7CE0574A96E1362CBFBE26957E618F2506632D0AAD4E,45EB32BF8721BD38DC5DE0B3298EA0EE5515DF84F1E1AB4BEAE16D445BF8078B,材料1|三角波|90|fq3|bq1,41228.6551618,40502.035639,51225.16818,0.0177808575618,0.217092715831,False,True,False,False
附件一（训练集）.xlsx|材料1|3152,附件一（训练集）.xlsx,C16AEE712BC0AD480B5285F17FA7FA57A5E22A1901D4A6ADB0A1EB83ECFB7FFC,材料1,3152,附件一（训练集）.xlsx|材料1|3152,F66C0F0861B465302C473ED765E0FEA077C99262E03C0782853CD5EB1974B380,F949FAAB5E46F72582F888FBACC8501FB5D48E85B71F9DF09B9366438BD17CD6,材料1|90|三角波|55|-15,0,q4-ridge-fold-0,q4-ridge-full,材料1,90,354610,三角波,0.038988538,13825.7254602,1528994E6DC4B68AEAF1605973D8A67CC1C13011A2FA0A766653FF9BE639C170,AFD3FF9D20B9829C714103D3E47F8B3093FED3601B1C2E47DA69358DA10F3D51,2B66DCDE1539748A4B4C7CE0574A96E1362CBFBE26957E618F2506632D0AAD4E,45EB32BF8721BD38DC5DE0B3298EA0EE5515DF84F1E1AB4BEAE16D445BF8078B,材料1|三角波|90|fq3|bq1,41751.8326754,40950.1582595,49844.89692,0.0193872028835,0.177168886987,False,True,False,False
附件一（训练集）.xlsx|材料1|2889,附件一（训练集）.xlsx,C16AEE712BC0AD480B5285F17FA7FA57A5E22A1901D4A6ADB0A1EB83ECFB7FFC,材料1,2889,附件一（训练集）.xlsx|材料1|2889,87561E0A5B1A04F1C5398E39830446D17D40B938AD6669224A3CE987D089BB51,C9D198A861CE007D4CE676E4F552FC694757ED76115BA09A4C9D115230814F6B,材料1|70|三角波|55|-15,0,q4-ridge-fold-0,q4-ridge-full,材料1,70,396820,三角波,0.034902426,13849.9806853,1528994E6DC4B68AEAF1605973D8A67CC1C13011A2FA0A766653FF9BE639C170,AFD3FF9D20B9829C714103D3E47F8B3093FED3601B1C2E47DA69358DA10F3D51,2B66DCDE1539748A4B4C7CE0574A96E1362CBFBE26957E618F2506632D0AAD4E,45EB32BF8721BD38DC5DE0B3298EA0EE5515DF84F1E1AB4BEAE16D445BF8078B,材料1|三角波|70|fq3|bq1,44319.8143109,43279.1422972,52886.41894,0.0237604933502,0.176711067647,False,True,False,False
附件一（训练集）.xlsx|材料4|623,附件一（训练集）.xlsx,C16AEE712BC0AD480B5285F17FA7FA57A5E22A1901D4A6ADB0A1EB83ECFB7FFC,材料4,623,附件一（训练集）.xlsx|材料4|623,8A23464FDE1CE5A754BFBCA735FBE6D4123945A75ECCCF5533C67682453ABE0A,8C3B74752A5B33DDB8BC4094D1536412437E1CDFC7E335C067FB1BF0137A2D6C,材料4|70|正弦波|56|-16,4,q4-ridge-fold-4,q4-ridge-full,材料4,70,446680,正弦波,0.031069562,13878.1519542,1528994E6DC4B68AEAF1605973D8A67CC1C13011A2FA0A766653FF9BE639C170,AFD3FF9D20B9829C714103D3E47F8B3093FED3601B1C2E47DA69358DA10F3D51,2B66DCDE1539748A4B4C7CE0574A96E1362CBFBE26957E618F2506632D0AAD4E,45EB32BF8721BD38DC5DE0B3298EA0EE5515DF84F1E1AB4BEAE16D445BF8078B,材料4|正弦波|70|fq3|bq1,54588.7635785,54225.7876958,81180.78596,0.00667136064684,0.396844526242,True,False,False,False
附件一（训练集）.xlsx|材料1|1065,附件一（训练集）.xlsx,C16AEE712BC0AD480B5285F17FA7FA57A5E22A1901D4A6ADB0A1EB83ECFB7FFC,材料1,1065,附件一（训练集）.xlsx|材料1|1065,76AA983753C9BEBC0CADDCF2374E0C1D59A998CEBFDB6EF1035CD0DCF3D580F0,CEA8F23DC7CDA6C481F820CE1686BCE87D8FA422BFC285BCB706C116E8845E42,材料1|90|正弦波|55|-14,4,q4-ridge-fold-4,q4-ridge-full,材料1,90,316230,正弦波,0.04910664,15528.9927672,1528994E6DC4B68AEAF1605973D8A67CC1C13011A2FA0A766653FF9BE639C170,AFD3FF9D20B9829C714103D3E47F8B3093FED3601B1C2E47DA69358DA10F3D51,2B66DCDE1539748A4B4C7CE0574A96E1362CBFBE26957E618F2506632D0AAD4E,45EB32BF8721BD38DC5DE0B3298EA0EE5515DF84F1E1AB4BEAE16D445BF8078B,材料1|正弦波|90|fq3|bq1,59135.1692073,58686.0265839,71443.96818,0.00762404713193,0.189084740203,True,True,False,False
附件一（训练集）.xlsx|材料2|2989,附件一（训练集）.xlsx,C16AEE712BC0AD480B5285F17FA7FA57A5E22A1901D4A6ADB0A1EB83ECFB7FFC,材料2,2989,附件一（训练集）.xlsx|材料2|2989,6C91A0A867B93491A0A405DBDE1F4F16EC0D59D5C9171B6510FC9EF81B2707C8,1F870CB7581D8C11F9F726F4E63CF3998CA9DEA91D92B0036560B3845F1C6921,材料2|90|梯形波|56|-16,3,q4-ridge-fold-3,q4-ridge-full,材料2,90,499980,梯形波,0.031081664,15540.2103667,1528994E6DC4B68AEAF1605973D8A67CC1C13011A2FA0A766653FF9BE639C170,AFD3FF9D20B9829C714103D3E47F8B3093FED3601B1C2E47DA69358DA10F3D51,2B66DCDE1539748A4B4C7CE0574A96E1362CBFBE26957E618F2506632D0AAD4E,45EB32BF8721BD38DC5DE0B3298EA0EE5515DF84F1E1AB4BEAE16D445BF8078B,材料2|梯形波|90|fq3|bq1,61952.0542783,62237.1817747,91504.77344,0.00459175713901,0.390025158823,True,False,False,False
附件一（训练集）.xlsx|材料1|1051,附件一（训练集）.xlsx,C16AEE712BC0AD480B5285F17FA7FA57A5E22A1901D4A6ADB0A1EB83ECFB7FFC,材料1,1051,附件一（训练集）.xlsx|材料1|1051,E0914C4E4C27C2967447DFA944FC850B82EDC7E3739CD95FA942B4A9D1F01F61,1F9EC5CDCBF57701CFBFB5A55072689D6D499F91A73EC24E71A1F7AA3BCCD1B2,材料1|90|正弦波|54|-13,4,q4-ridge-fold-4,q4-ridge-full,材料1,90,281860,正弦波,0.055405954,15616.7221944,1528994E6DC4B68AEAF1605973D8A67CC1C13011A2FA0A766653FF9BE639C170,AFD3FF9D20B9829C714103D3E47F8B3093FED3601B1C2E47DA69358DA10F3D51,2B66DCDE1539748A4B4C7CE0574A96E1362CBFBE26957E618F2506632D0AAD4E,45EB32BF8721BD38DC5DE0B3298EA0EE5515DF84F1E1AB4BEAE16D445BF8078B,材料1|正弦波|90|fq3|bq2,64773.6252274,64312.3969753,72754.56115,0.00714598003669,0.116191404383,True,True,True,False
附件一（训练集）.xlsx|材料1|2875,附件一（训练集）.xlsx,C16AEE712BC0AD480B5285F17FA7FA57A5E22A1901D4A6ADB0A1EB83ECFB7FFC,材料1,2875,附件一（训练集）.xlsx|材料1|2875,1FC32DC6C5D5C336AE2CA480E7C54FEC8DDE66422205CFD658D861572BEA1F28,6CAA2AC7D9433A27C3C52AC7FF6B44D1ACF27ACDB3AFFF095771647C88A9D8B2,材料1|70|三角波|55|-14,1,q4-ridge-fold-1,q4-ridge-full,材料1,70,396820,三角波,0.043690438,17337.2396072,1528994E6DC4B68AEAF1605973D8A67CC1C13011A2FA0A766653FF9BE639C170,AFD3FF9D20B9829C714103D3E47F8B3093FED3601B1C2E47DA69358DA10F3D51,2B66DCDE1539748A4B4C7CE0574A96E1362CBFBE26957E618F2506632D0AAD4E,45EB32BF8721BD38DC5DE0B3298EA0EE5515DF84F1E1AB4BEAE16D445BF8078B,材料1|三角波|70|fq3|bq1,71241.1281971,71783.0386158,86005.21367,0.00757781633898,0.188335214019,True,True,False,False
附件一（训练集）.xlsx|材料1|1066,附件一（训练集）.xlsx,C16AEE712BC0AD480B5285F17FA7FA57A5E22A1901D4A6ADB0A1EB83ECFB7FFC,材料1,1066,附件一（训练集）.xlsx|材料1|1066,69C1ECC77331877A8EC64D7A82851BB2B9B0EB15D6DCEF3D8E7D28C8918717B2,83D5F7A994C38459A14BB6AE619F053940FAD6DD5C129E1FFFF308F38B8837C2,材料1|90|正弦波|55|-13,0,q4-ridge-fold-0,q4-ridge-full,材料1,90,316230,正弦波,0.05549355,17548.7253165,1528994E6DC4B68AEAF1605973D8A67CC1C13011A2FA0A766653FF9BE639C170,AFD3FF9D20B9829C714103D3E47F8B3093FED3601B1C2E47DA69358DA10F3D51,2B66DCDE1539748A4B4C7CE0574A96E1362CBFBE26957E618F2506632D0AAD4E,45EB32BF8721BD38DC5DE0B3298EA0EE5515DF84F1E1AB4BEAE16D445BF8078B,材料1|正弦波|90|fq3|bq2,77783.1907734,77904.8316376,94691.42506,0.00156260352549,0.196695801077,True,True,True,False
附件一（训练集）.xlsx|材料1|3144,附件一（训练集）.xlsx,C16AEE712BC0AD480B5285F17FA7FA57A5E22A1901D4A6ADB0A1EB83ECFB7FFC,材料1,3144,附件一（训练集）.xlsx|材料1|3144,46B9A559CBFB05C519CA491E1BBD4689EF5016FFF835814278E50497CBB7878B,95D6598A8076D29E84BFAE9922D1EC0DCF12276EE5A7CCF5C829E10910581265,材料1|90|三角波|55|-14,0,q4-ridge-fold-0,q4-ridge-full,材料1,90,396820,三角波,0.049056881,19466.7515184,1528994E6DC4B68AEAF1605973D8A67CC1C13011A2FA0A766653FF9BE639C170,AFD3FF9D20B9829C714103D3E47F8B3093FED3601B1C2E47DA69358DA10F3D51,2B66DCDE1539748A4B4C7CE0574A96E1362CBFBE26957E618F2506632D0AAD4E,45EB32BF8721BD38DC5DE0B3298EA0EE5515DF84F1E1AB4BEAE16D445BF8078B,材料1|三角波|90|fq3|bq1,89353.6513601,88095.7627016,106507.1312,0.0141775114603,0.175608033529,True,True,False,False
附件一（训练集）.xlsx|材料1|1067,附件一（训练集）.xlsx,C16AEE712BC0AD480B5285F17FA7FA57A5E22A1901D4A6ADB0A1EB83ECFB7FFC,材料1,1067,附件一（训练集）.xlsx|材料1|1067,02D5B524403FB11C0DC11317F8561C96AE20D74904C25BD601B46F1F362DE5A7,41FFF602CF7B33CD705EB80DAFE20E7FC88E16B875CF4241CB50AEC69041FF8A,材料1|90|正弦波|55|-13,0,q4-ridge-fold-0,q4-ridge-full,材料1,90,316230,正弦波,0.062240026,19682.163422,1528994E6DC4B68AEAF1605973D8A67CC1C13011A2FA0A766653FF9BE639C170,AFD3FF9D20B9829C714103D3E47F8B3093FED3601B1C2E47DA69358DA10F3D51,2B66DCDE1539748A4B4C7CE0574A96E1362CBFBE26957E618F2506632D0AAD4E,45EB32BF8721BD38DC5DE0B3298EA0EE5515DF84F1E1AB4BEAE16D445BF8078B,材料1|正弦波|90|fq3|bq2,107221.82483,107897.772527,123821.8119,0.00628435201215,0.143942463249,True,True,True,False
附件一（训练集）.xlsx|材料1|1052,附件一（训练集）.xlsx,C16AEE712BC0AD480B5285F17FA7FA57A5E22A1901D4A6ADB0A1EB83ECFB7FFC,材料1,1052,附件一（训练集）.xlsx|材料1|1052,9035AFFA6F7AA12AD8D7F995F969281AF1169B093254247982014FB8AF7B1ACC,40165F62898B0F01FF26CBB1059A4586553531131032717E9B1C68CC6EECA511,材料1|90|正弦波|54|-12,0,q4-ridge-fold-0,q4-ridge-full,材料1,90,281860,正弦波,0.069980854,19724.8035084,1528994E6DC4B68AEAF1605973D8A67CC1C13011A2FA0A766653FF9BE639C170,AFD3FF9D20B9829C714103D3E47F8B3093FED3601B1C2E47DA69358DA10F3D51,2B66DCDE1539748A4B4C7CE0574A96E1362CBFBE26957E618F2506632D0AAD4E,45EB32BF8721BD38DC5DE0B3298EA0EE5515DF84F1E1AB4BEAE16D445BF8078B,材料1|正弦波|90|fq3|bq2,119302.048305,120121.533586,127074.9846,0.00684545464718,0.0631183311131,True,True,True,False
附件一（训练集）.xlsx|材料1|769,附件一（训练集）.xlsx,C16AEE712BC0AD480B5285F17FA7FA57A5E22A1901D4A6ADB0A1EB83ECFB7FFC,材料1,769,附件一（训练集）.xlsx|材料1|769,6D8D654848D02A74167D8F2E37F84633F0F2EBB331120EC784E565C41832D351,4A2F478C2CBAB9DD813981B5538E223056BC4CF47322FA64FC952E9D9D374235,材料1|70|正弦波|53|-12,2,q4-ridge-fold-2,q4-ridge-full,材料1,70,251170,正弦波,0.078536768,19726.0800186,1528994E6DC4B68AEAF1605973D8A67CC1C13011A2FA0A766653FF9BE639C170,AFD3FF9D20B9829C714103D3E47F8B3093FED3601B1C2E47DA69358DA10F3D51,2B66DCDE1539748A4B4C7CE0574A96E1362CBFBE26957E618F2506632D0AAD4E,45EB32BF8721BD38DC5DE0B3298EA0EE5515DF84F1E1AB4BEAE16D445BF8078B,材料1|正弦波|70|fq2|bq2,135426.534425,135913.53456,140342.3796,0.003589569872,0.0356554350795,True,True,False,False
附件一（训练集）.xlsx|材料1|1021,附件一（训练集）.xlsx,C16AEE712BC0AD480B5285F17FA7FA57A5E22A1901D4A6ADB0A1EB83ECFB7FFC,材料1,1021,附件一（训练集）.xlsx|材料1|1021,64FBBBB0002C229FEF02410DACCB8168AD233C421B44D9DD01A952ED4ACEC8F8,5CB5AD122666EBB61A242701E47F0933671FC74C1968BDFB29A04E564EA5B05B,材料1|90|正弦波|53|-11,2,q4-ridge-fold-2,q4-ridge-full,材料1,90,223860,正弦波,0.088146066,19732.3783348,1528994E6DC4B68AEAF1605973D8A67CC1C13011A2FA0A766653FF9BE639C170,AFD3FF9D20B9829C714103D3E47F8B3093FED3601B1C2E47DA69358DA10F3D51,2B66DCDE1539748A4B4C7CE0574A96E1362CBFBE26957E618F2506632D0AAD4E,45EB32BF8721BD38DC5DE0B3298EA0EE5515DF84F1E1AB4BEAE16D445BF8078B,材料1|正弦波|90|fq2|bq2,143106.052744,143842.208624,134332.1282,0.00513090660037,0.0632702245404,True,True,False,False
附件一（训练集）.xlsx|材料1|3162,附件一（训练集）.xlsx,C16AEE712BC0AD480B5285F17FA7FA57A5E22A1901D4A6ADB0A1EB83ECFB7FFC,材料1,3162,附件一（训练集）.xlsx|材料1|3162,2ACABF359038BEEAEB7D6693643BBED584977F3F638CA533522EB431A5AD8643,E3B284B8CE0296DA50AA611E197392FD95AE5CCD3164E427E3C96AA64CE0C831,材料1|90|三角波|55|-13,4,q4-ridge-fold-4,q4-ridge-full,材料1,90,396820,三角波,0.061914659,24568.9749844,1528994E6DC4B68AEAF1605973D8A67CC1C13011A2FA0A766653FF9BE639C170,AFD3FF9D20B9829C714103D3E47F8B3093FED3601B1C2E47DA69358DA10F3D51,2B66DCDE1539748A4B4C7CE0574A96E1362CBFBE26957E618F2506632D0AAD4E,45EB32BF8721BD38DC5DE0B3298EA0EE5515DF84F1E1AB4BEAE16D445BF8078B,材料1|三角波|90|fq3|bq2,147462.200698,146280.485967,176224.4706,0.00804590625571,0.178185600246,True,True,False,False
附件一（训练集）.xlsx|材料1|2876,附件一（训练集）.xlsx,C16AEE712BC0AD480B5285F17FA7FA57A5E22A1901D4A6ADB0A1EB83ECFB7FFC,材料1,2876,附件一（训练集）.xlsx|材料1|2876,00A2CA23555BF4C7B644B908118997B27D987B74986F693AD0302EBD9E6AD29E,598C1774B37ABB7D5ECAFDF02640190FCE80C27521B1418FA2303D8792257BD3,材料1|70|三角波|55|-13,3,q4-ridge-fold-3,q4-ridge-full,材料1,70,396820,三角波,0.061958428,24586.343399,1528994E6DC4B68AEAF1605973D8A67CC1C13011A2FA0A766653FF9BE639C170,AFD3FF9D20B9829C714103D3E47F8B3093FED3601B1C2E47DA69358DA10F3D51,2B66DCDE1539748A4B4C7CE0574A96E1362CBFBE26957E618F2506632D0AAD4E,45EB32BF8721BD38DC5DE0B3298EA0EE5515DF84F1E1AB4BEAE16D445BF8078B,材料1|三角波|70|fq3|bq2,169449.607266,170589.465073,184272.6492,0.00670426115645,0.0838603949058,True,True,False,False
附件一（训练集）.xlsx|材料2|848,附件一（训练集）.xlsx,C16AEE712BC0AD480B5285F17FA7FA57A5E22A1901D4A6ADB0A1EB83ECFB7FFC,材料2,848,附件一（训练集）.xlsx|材料2|848,BD91FA92E89851F16F9D4C040F98C9F6096A35FCCCC5EAEA832E0923A7972441,F29B3A3507955D1DCB26125A8D6F8457FABE97FAFAAFE4A5BC84BE5256B2053E,材料2|90|正弦波|55|-13,4,q4-ridge-fold-4,q4-ridge-full,材料2,90,398100,正弦波,0.061764918,24588.6138558,1528994E6DC4B68AEAF1605973D8A67CC1C13011A2FA0A766653FF9BE639C170,AFD3FF9D20B9829C714103D3E47F8B3093FED3601B1C2E47DA69358DA10F3D51,2B66DCDE1539748A4B4C7CE0574A96E1362CBFBE26957E618F2506632D0AAD4E,45EB32BF8721BD38DC5DE0B3298EA0EE5515DF84F1E1AB4BEAE16D445BF8078B,材料2|正弦波|90|fq3|bq2,187488.678386,187008.976384,255726.2607,0.00256183020863,0.310387693373,True,True,False,False
附件一（训练集）.xlsx|材料2|2044,附件一（训练集）.xlsx,C16AEE712BC0AD480B5285F17FA7FA57A5E22A1901D4A6ADB0A1EB83ECFB7FFC,材料2,2044,附件一（训练集）.xlsx|材料2|2044,800221D661BD79FDC48FF7AEF64903DE008B90764AAD564B40AC94A38947BA56,E325DEB3F5A8231016767537AC6D9F5DFDE9C5D0CACF59215935D5E1FE2AD4D7,材料2|90|三角波|56|-14,0,q4-ridge-fold-0,q4-ridge-full,材料2,90,499970,三角波,0.049193979,24595.5136806,1528994E6DC4B68AEAF1605973D8A67CC1C13011A2FA0A766653FF9BE639C170,AFD3FF9D20B9829C714103D3E47F8B3093FED3601B1C2E47DA69358DA10F3D51,2B66DCDE1539748A4B4C7CE0574A96E1362CBFBE26957E618F2506632D0AAD4E,45EB32BF8721BD38DC5DE0B3298EA0EE5515DF84F1E1AB4BEAE16D445BF8078B,材料2|三角波|90|fq3|bq1,187994.515975,188027.256937,223172.8676,0.000174143043294,0.171533031659,True,True,True,False
附件一（训练集）.xlsx|材料2|1809,附件一（训练集）.xlsx,C16AEE712BC0AD480B5285F17FA7FA57A5E22A1901D4A6ADB0A1EB83ECFB7FFC,材料2,1809,附件一（训练集）.xlsx|材料2|1809,EF54DCF08E615D54787AB1E537ADE4E90D129A3339575CEC86157ECB0591578E,FAB3322AB1603DD7671AEADAC1E5BF60CEF83B48D98B154010C35622C536510D,材料2|70|三角波|56|-14,1,q4-ridge-fold-1,q4-ridge-full,材料2,70,499970,三角波,0.049228792,24612.9191362,1528994E6DC4B68AEAF1605973D8A67CC1C13011A2FA0A766653FF9BE639C170,AFD3FF9D20B9829C714103D3E47F8B3093FED3601B1C2E47DA69358DA10F3D51,2B66DCDE1539748A4B4C7CE0574A96E1362CBFBE26957E618F2506632D0AAD4E,45EB32BF8721BD38DC5DE0B3298EA0EE5515DF84F1E1AB4BEAE16D445BF8078B,材料2|三角波|70|fq3|bq1,200513.381292,200125.576487,223035.8983,0.00193592251909,0.106451249685,True,True,False,False
附件一（训练集）.xlsx|材料1|2890,附件一（训练集）.xlsx,C16AEE712BC0AD480B5285F17FA7FA57A5E22A1901D4A6ADB0A1EB83ECFB7FFC,材料1,2890,附件一（训练集）.xlsx|材料1|2890,05A07C2E404B47C69DEB228A3157CF00F77169FE1685A301DE6C9C8E6528C520,AF7C39E580ED64C79ED6938AEF8BCFC3AB2F388B6BFE1CF46C1230BAF7781D6E,材料1|70|三角波|55|-12,1,q4-ridge-fold-1,q4-ridge-full,材料1,70,396820,三角波,0.06969363,27655.8262566,1528994E6DC4B68AEAF1605973D8A67CC1C13011A2FA0A766653FF9BE639C170,AFD3FF9D20B9829C714103D3E47F8B3093FED3601B1C2E47DA69358DA10F3D51,2B66DCDE1539748A4B4C7CE0574A96E1362CBFBE26957E618F2506632D0AAD4E,45EB32BF8721BD38DC5DE0B3298EA0EE5515DF84F1E1AB4BEAE16D445BF8078B,材料1|三角波|70|fq3|bq2,203641.479585,204054.10027,239013.6335,0.00202415146064,0.160158872815,True,True,False,False
附件一（训练集）.xlsx|材料1|3163,附件一（训练集）.xlsx,C16AEE712BC0AD480B5285F17FA7FA57A5E22A1901D4A6ADB0A1EB83ECFB7FFC,材料1,3163,附件一（训练集）.xlsx|材料1|3163,CAAED75009C00CAF64AE5B847C5D339A37BA447F412FFC03B4E0A4F04EA35895,617BEAC0D02C517BA56D0C86438A65F819B377D8E841385816ABFAD079F104D8,材料1|90|三角波|55|-12,4,q4-ridge-fold-4,q4-ridge-full,材料1,90,396820,三角波,0.077643211,30810.378989,1528994E6DC4B68AEAF1605973D8A67CC1C13011A2FA0A766653FF9BE639C170,AFD3FF9D20B9829C714103D3E47F8B3093FED3601B1C2E47DA69358DA10F3D51,2B66DCDE1539748A4B4C7CE0574A96E1362CBFBE26957E618F2506632D0AAD4E,45EB32BF8721BD38DC5DE0B3298EA0EE5515DF84F1E1AB4BEAE16D445BF8078B,材料1|三角波|90|fq3|bq2,249832.003502,247748.718649,292612.6171,0.00837367108337,0.158060317112,True,True,False,False
附件一（训练集）.xlsx|材料1|2627,附件一（训练集）.xlsx,C16AEE712BC0AD480B5285F17FA7FA57A5E22A1901D4A6ADB0A1EB83ECFB7FFC,材料1,2627,附件一（训练集）.xlsx|材料1|2627,671A36B9374FC5373208D9001DBFABEC6CBB3CC5AD11E10796A933EE265E5A62,156E9B5ACD2CCAACE5AEE3385DF8E2D0B811777DC940540B15F8DA433461558F,材料1|50|三角波|55|-12,1,q4-ridge-fold-1,q4-ridge-full,材料1,50,396820,三角波,0.077653813,30814.5860747,1528994E6DC4B68AEAF1605973D8A67CC1C13011A2FA0A766653FF9BE639C170,AFD3FF9D20B9829C714103D3E47F8B3093FED3601B1C2E47DA69358DA10F3D51,2B66DCDE1539748A4B4C7CE0574A96E1362CBFBE26957E618F2506632D0AAD4E,45EB32BF8721BD38DC5DE0B3298EA0EE5515DF84F1E1AB4BEAE16D445BF8078B,材料1|三角波|50|fq3|bq2,313166.832124,313197.425685,339581.1328,9.76858527828e-05,0.0809765888651,True,True,False,False
附件一（训练集）.xlsx|材料2|2748,附件一（训练集）.xlsx,C16AEE712BC0AD480B5285F17FA7FA57A5E22A1901D4A6ADB0A1EB83ECFB7FFC,材料2,2748,附件一（训练集）.xlsx|材料2|2748,F1857938079B6E8FE67E58B6C1B462C240687A09740A7D35AA795EBDD7D80558,9F806C70B609FD724E51B15DF16EBCEA784A9555E4205FF111D84A162174C930,材料2|70|梯形波|56|-13,4,q4-ridge-fold-4,q4-ridge-full,材料2,70,499980,梯形波,0.061665495,30831.5141901,1528994E6DC4B68AEAF1605973D8A67CC1C13011A2FA0A766653FF9BE639C170,AFD3FF9D20B9829C714103D3E47F8B3093FED3601B1C2E47DA69358DA10F3D51,2B66DCDE1539748A4B4C7CE0574A96E1362CBFBE26957E618F2506632D0AAD4E,45EB32BF8721BD38DC5DE0B3298EA0EE5515DF84F1E1AB4BEAE16D445BF8078B,材料2|梯形波|70|fq3|bq2,317902.839156,318472.58002,415891.2192,0.00179057584086,0.268677193771,True,True,True,False
附件一（训练集）.xlsx|材料3|3192,附件一（训练集）.xlsx,C16AEE712BC0AD480B5285F17FA7FA57A5E22A1901D4A6ADB0A1EB83ECFB7FFC,材料3,3192,附件一（训练集）.xlsx|材料3|3192,737FF38E8264365F80DDF2DACEEE43E789D92CDF3E7C5EC23FAF60A351464C2A,E84EEFEE6B5B797815AC5F102CFE577D4747C9C0900AB10B1ADAA3664FFC6F80,材料3|90|梯形波|56|-13,3,q4-ridge-fold-3,q4-ridge-full,材料3,90,499980,梯形波,0.061751333,30874.4314733,1528994E6DC4B68AEAF1605973D8A67CC1C13011A2FA0A766653FF9BE639C170,AFD3FF9D20B9829C714103D3E47F8B3093FED3601B1C2E47DA69358DA10F3D51,2B66DCDE1539748A4B4C7CE0574A96E1362CBFBE26957E618F2506632D0AAD4E,45EB32BF8721BD38DC5DE0B3298EA0EE5515DF84F1E1AB4BEAE16D445BF8078B,材料3|梯形波|90|fq3|bq2,326933.455793,329479.912941,435921.0286,0.00775871511701,0.287703684064,True,True,True,False
附件一（训练集）.xlsx|材料3|2888,附件一（训练集）.xlsx,C16AEE712BC0AD480B5285F17FA7FA57A5E22A1901D4A6ADB0A1EB83ECFB7FFC,材料3,2888,附件一（训练集）.xlsx|材料3|2888,3AE120601F8DA58721CF3DA88C66AFC3413840E81FF968B6F4309BE2CDCDA7FE,AC222F7D6BC7CAC2E53201077DE675EFB2599EA1CD435D4A244FF6D697F16597,材料3|70|梯形波|56|-13,2,q4-ridge-fold-2,q4-ridge-full,材料3,70,499980,梯形波,0.061830796,30914.1613841,1528994E6DC4B68AEAF1605973D8A67CC1C13011A2FA0A766653FF9BE639C170,AFD3FF9D20B9829C714103D3E47F8B3093FED3601B1C2E47DA69358DA10F3D51,2B66DCDE1539748A4B4C7CE0574A96E1362CBFBE26957E618F2506632D0AAD4E,45EB32BF8721BD38DC5DE0B3298EA0EE5515DF84F1E1AB4BEAE16D445BF8078B,材料3|梯形波|70|fq3|bq2,345961.545404,348900.461958,443810.8014,0.0084590194552,0.249070082932,True,True,False,False
附件一（训练集）.xlsx|材料1|3147,附件一（训练集）.xlsx,C16AEE712BC0AD480B5285F17FA7FA57A5E22A1901D4A6ADB0A1EB83ECFB7FFC,材料1,3147,附件一（训练集）.xlsx|材料1|3147,FAA05A3CE6DECA5E43E02726DDDDE902E073324C73BE3AAC85A9C10336BB1FA9,A0E9873786E6D398E3133296110BDA6F047DFD43E31829FCFD764FCA00207253,材料1|90|三角波|55|-11,1,q4-ridge-fold-1,q4-ridge-full,材料1,90,396820,三角波,0.08685001,34463.8209682,1528994E6DC4B68AEAF1605973D8A67CC1C13011A2FA0A766653FF9BE639C170,AFD3FF9D20B9829C714103D3E47F8B3093FED3601B1C2E47DA69358DA10F3D51,2B66DCDE1539748A4B4C7CE0574A96E1362CBFBE26957E618F2506632D0AAD4E,45EB32BF8721BD38DC5DE0B3298EA0EE5515DF84F1E1AB4BEAE16D445BF8078B,材料1|三角波|90|fq3|bq2,369074.48717,369839.323169,379089.2573,0.00207015809229,0.0267731272456,True,True,False,False
附件一（训练集）.xlsx|材料1|2628,附件一（训练集）.xlsx,C16AEE712BC0AD480B5285F17FA7FA57A5E22A1901D4A6ADB0A1EB83ECFB7FFC,材料1,2628,附件一（训练集）.xlsx|材料1|2628,3EFDAD88A3C695762BD7F7A965DEDC6AEBED61B745C9343795ED0AC2899A85E3,0CE26F350AF5B30E8A8E1A8F264B911AF31B3BAAFE3867FBE3690655B08CA79B,材料1|50|三角波|55|-11,4,q4-ridge-fold-4,q4-ridge-full,材料1,50,396820,三角波,0.086850083,34463.8499361,1528994E6DC4B68AEAF1605973D8A67CC1C13011A2FA0A766653FF9BE639C170,AFD3FF9D20B9829C714103D3E47F8B3093FED3601B1C2E47DA69358DA10F3D51,2B66DCDE1539748A4B4C7CE0574A96E1362CBFBE26957E618F2506632D0AAD4E,45EB32BF8721BD38DC5DE0B3298EA0EE5515DF84F1E1AB4BEAE16D445BF8078B,材料1|三角波|50|fq3|bq2,410763.131287,410541.568115,441935.0295,0.000539538220098,0.0731459820196,True,True,False,False
附件一（训练集）.xlsx|材料1|2607,附件一（训练集）.xlsx,C16AEE712BC0AD480B5285F17FA7FA57A5E22A1901D4A6ADB0A1EB83ECFB7FFC,材料1,2607,附件一（训练集）.xlsx|材料1|2607,88208EA266F5A81BE4D52896337AC6F5D3199097CAE7142CA31E698D674E15CD,B1BA6F293A99A164ADCB65FBB4D49845C456B29A33AFA36F48199ABD546E7626,材料1|50|三角波|55|-11,4,q4-ridge-fold-4,q4-ridge-full,材料1,50,396820,三角波,0.086850866,34464.1606461,1528994E6DC4B68AEAF1605973D8A67CC1C13011A2FA0A766653FF9BE639C170,AFD3FF9D20B9829C714103D3E47F8B3093FED3601B1C2E47DA69358DA10F3D51,2B66DCDE1539748A4B4C7CE0574A96E1362CBFBE26957E618F2506632D0AAD4E,45EB32BF8721BD38DC5DE0B3298EA0EE5515DF84F1E1AB4BEAE16D445BF8078B,材料1|三角波|50|fq3|bq2,460258.910292,461891.316767,441391.7157,0.00354043103131,0.0418563613242,True,True,False,False
附件一（训练集）.xlsx|材料1|2891,附件一（训练集）.xlsx,C16AEE712BC0AD480B5285F17FA7FA57A5E22A1901D4A6ADB0A1EB83ECFB7FFC,材料1,2891,附件一（训练集）.xlsx|材料1|2891,0ACC776ED237528F13A235A757430CA21C4F413930AFBCC0FC16D5CB460D1828,EA6D7A3797FD8A3CFDEFA1A1D8B37E15B28ED0F0FB112FBB21670AEBFB41A100,材料1|70|三角波|55|-11,3,q4-ridge-fold-3,q4-ridge-full,材料1,70,396820,三角波,0.097860711,38833.087339,1528994E6DC4B68AEAF1605973D8A67CC1C13011A2FA0A766653FF9BE639C170,AFD3FF9D20B9829C714103D3E47F8B3093FED3601B1C2E47DA69358DA10F3D51,2B66DCDE1539748A4B4C7CE0574A96E1362CBFBE26957E618F2506632D0AAD4E,45EB32BF8721BD38DC5DE0B3298EA0EE5515DF84F1E1AB4BEAE16D445BF8078B,材料1|三角波|70|fq3|bq2,468666.426999,473602.291126,519309.1391,0.0104766266818,0.10260786918,True,True,False,False
附件一（训练集）.xlsx|材料2|2992,附件一（训练集）.xlsx,C16AEE712BC0AD480B5285F17FA7FA57A5E22A1901D4A6ADB0A1EB83ECFB7FFC,材料2,2992,附件一（训练集）.xlsx|材料2|2992,055C2541494517D5B2F24B39F819138736162E3E5986CA2A26C1A7D146E9296B,47B5DA658D0C7003B080C94DC91E889FAA07799A9D8B08DE89D90E9CD0FE844A,材料2|90|梯形波|56|-12,3,q4-ridge-fold-3,q4-ridge-full,材料2,90,499980,梯形波,0.077812476,38904.6817505,1528994E6DC4B68AEAF1605973D8A67CC1C13011A2FA0A766653FF9BE639C170,AFD3FF9D20B9829C714103D3E47F8B3093FED3601B1C2E47DA69358DA10F3D51,2B66DCDE1539748A4B4C7CE0574A96E1362CBFBE26957E618F2506632D0AAD4E,45EB32BF8721BD38DC5DE0B3298EA0EE5515DF84F1E1AB4BEAE16D445BF8078B,材料2|梯形波|90|fq3|bq2,556613.762379,558535.637332,706797.909,0.00344684471772,0.238872825708,True,True,True,False
附件一（训练集）.xlsx|材料2|2749,附件一（训练集）.xlsx,C16AEE712BC0AD480B5285F17FA7FA57A5E22A1901D4A6ADB0A1EB83ECFB7FFC,材料2,2749,附件一（训练集）.xlsx|材料2|2749,C9492743F6ACB2070EDC10C55BE8D6409ECC10A512E9F1DD2ED5E419FB2AC6B4,6A04B9D8E0727CA56BE47B494C0A08B3D535E0D919F2A7F0DD00EC76A9400400,材料2|70|梯形波|56|-12,4,q4-ridge-fold-4,q4-ridge-full,材料2,70,499980,梯形波,0.077842628,38919.7571474,1528994E6DC4B68AEAF1605973D8A67CC1C13011A2FA0A766653FF9BE639C170,AFD3FF9D20B9829C714103D3E47F8B3093FED3601B1C2E47DA69358DA10F3D51,2B66DCDE1539748A4B4C7CE0574A96E1362CBFBE26957E618F2506632D0AAD4E,45EB32BF8721BD38DC5DE0B3298EA0EE5515DF84F1E1AB4BEAE16D445BF8078B,材料2|梯形波|70|fq3|bq2,600873.351335,604415.129271,714511.7273,0.00587706978092,0.173214963408,True,True,True,False
附件一（训练集）.xlsx|材料1|3164,附件一（训练集）.xlsx,C16AEE712BC0AD480B5285F17FA7FA57A5E22A1901D4A6ADB0A1EB83ECFB7FFC,材料1,3164,附件一（训练集）.xlsx|材料1|3164,744092736863700094E6F37C47834FD73B8536493B2AA24A3FDF1CAE3A973585,A99AD8639158F198DE4801255376BBFE33B3302E2D76EFCEF08ECD1D6ED61A44,材料1|90|三角波|55|-10,3,q4-ridge-fold-3,q4-ridge-full,材料1,90,396820,三角波,0.10969664,43529.8206848,1528994E6DC4B68AEAF1605973D8A67CC1C13011A2FA0A766653FF9BE639C170,AFD3FF9D20B9829C714103D3E47F8B3093FED3601B1C2E47DA69358DA10F3D51,2B66DCDE1539748A4B4C7CE0574A96E1362CBFBE26957E618F2506632D0AAD4E,45EB32BF8721BD38DC5DE0B3298EA0EE5515DF84F1E1AB4BEAE16D445BF8078B,材料1|三角波|90|fq3|bq3,612236.194518,618601.50284,655128.1488,0.0103431260503,0.0677126097723,True,True,True,False
附件一（训练集）.xlsx|材料1|2866,附件一（训练集）.xlsx,C16AEE712BC0AD480B5285F17FA7FA57A5E22A1901D4A6ADB0A1EB83ECFB7FFC,材料1,2866,附件一（训练集）.xlsx|材料1|2866,0A89544BE626933AF8941FC250701B91EE91E254A2CABA75F1017DF32273971C,2C161EB658CB334C6A20650D69F031DCCBF81B6F0269A83D5176D7A6A74D9B5B,材料1|70|三角波|55|-10,4,q4-ridge-fold-4,q4-ridge-full,材料1,70,354610,三角波,0.122865157,43569.2133238,1528994E6DC4B68AEAF1605973D8A67CC1C13011A2FA0A766653FF9BE639C170,AFD3FF9D20B9829C714103D3E47F8B3093FED3601B1C2E47DA69358DA10F3D51,2B66DCDE1539748A4B4C7CE0574A96E1362CBFBE26957E618F2506632D0AAD4E,45EB32BF8721BD38DC5DE0B3298EA0EE5515DF84F1E1AB4BEAE16D445BF8078B,材料1|三角波|70|fq3|bq3,702296.339309,703249.377262,707859.959,0.00135610920614,0.00789081419561,True,True,True,False
附件一（训练集）.xlsx|材料1|3165,附件一（训练集）.xlsx,C16AEE712BC0AD480B5285F17FA7FA57A5E22A1901D4A6ADB0A1EB83ECFB7FFC,材料1,3165,附件一（训练集）.xlsx|材料1|3165,E485F079002357DD3164369CD3235D652BF457C49114446E7113DA7C7BF956F6,624E234E15D41002A6D31817F1FE0A79B12DBBD49901713F5F8DB9DEE27C3ED7,材料1|90|三角波|55|-10,3,q4-ridge-fold-3,q4-ridge-full,材料1,90,396820,三角波,0.122963021,48794.1859932,1528994E6DC4B68AEAF1605973D8A67CC1C13011A2FA0A766653FF9BE639C170,AFD3FF9D20B9829C714103D3E47F8B3093FED3601B1C2E47DA69358DA10F3D51,2B66DCDE1539748A4B4C7CE0574A96E1362CBFBE26957E618F2506632D0AAD4E,45EB32BF8721BD38DC5DE0B3298EA0EE5515DF84F1E1AB4BEAE16D445BF8078B,材料1|三角波|90|fq3|bq3,764495.927998,773461.465939,856065.9537,0.0116591368242,0.113130582976,True,True,True,False
附件一（训练集）.xlsx|材料1|2892,附件一（训练集）.xlsx,C16AEE712BC0AD480B5285F17FA7FA57A5E22A1901D4A6ADB0A1EB83ECFB7FFC,材料1,2892,附件一（训练集）.xlsx|材料1|2892,02F3B180B59F95F5C2F4F886441C110F7339F5AC42AC340507F2F06E361CC683,96887DA32BC6AA56AB09F6CAC8E268E130D6D5B60DF8425B1A5C15003D290B4B,材料1|70|三角波|55|-10,4,q4-ridge-fold-4,q4-ridge-full,材料1,70,396820,三角波,0.123108464,48851.9006845,1528994E6DC4B68AEAF1605973D8A67CC1C13011A2FA0A766653FF9BE639C170,AFD3FF9D20B9829C714103D3E47F8B3093FED3601B1C2E47DA69358DA10F3D51,2B66DCDE1539748A4B4C7CE0574A96E1362CBFBE26957E618F2506632D0AAD4E,45EB32BF8721BD38DC5DE0B3298EA0EE5515DF84F1E1AB4BEAE16D445BF8078B,材料1|三角波|70|fq3|bq3,817113.35276,818039.450259,888296.5947,0.00113273385041,0.0835277642915,True,True,True,False
附件一（训练集）.xlsx|材料1|3134,附件一（训练集）.xlsx,C16AEE712BC0AD480B5285F17FA7FA57A5E22A1901D4A6ADB0A1EB83ECFB7FFC,材料1,3134,附件一（训练集）.xlsx|材料1|3134,D2721DAEFEC7E8079018736886DC71AD03FB5818B5AD682B4578BE5EE290EAEA,32931376F9EB4EC679423102C1F67D3D6D23409C9B6AF30697771B9C0B460DD5,材料1|90|三角波|55|-9,4,q4-ridge-fold-4,q4-ridge-full,材料1,90,354610,三角波,0.137789442,48861.5140276,1528994E6DC4B68AEAF1605973D8A67CC1C13011A2FA0A766653FF9BE639C170,AFD3FF9D20B9829C714103D3E47F8B3093FED3601B1C2E47DA69358DA10F3D51,2B66DCDE1539748A4B4C7CE0574A96E1362CBFBE26957E618F2506632D0AAD4E,45EB32BF8721BD38DC5DE0B3298EA0EE5515DF84F1E1AB4BEAE16D445BF8078B,材料1|三角波|90|fq3|bq3,930901.579762,927089.60254,889610.487,0.00410333321665,0.0453697954165,True,True,True,False
附件一（训练集）.xlsx|材料1|2867,附件一（训练集）.xlsx,C16AEE712BC0AD480B5285F17FA7FA57A5E22A1901D4A6ADB0A1EB83ECFB7FFC,材料1,2867,附件一（训练集）.xlsx|材料1|2867,D1861649A29110D6CA3A843C93DB7F638934EDD1FA2C2EA899AA34C59BAEA712,AC00137738B2F1887B37F8C0E402017E2652337D1CFF58162EC9C153F42DE612,材料1|70|三角波|55|-9,1,q4-ridge-fold-1,q4-ridge-full,材料1,70,354610,三角波,0.137955708,48920.4736139,1528994E6DC4B68AEAF1605973D8A67CC1C13011A2FA0A766653FF9BE639C170,AFD3FF9D20B9829C714103D3E47F8B3093FED3601B1C2E47DA69358DA10F3D51,2B66DCDE1539748A4B4C7CE0574A96E1362CBFBE26957E618F2506632D0AAD4E,45EB32BF8721BD38DC5DE0B3298EA0EE5515DF84F1E1AB4BEAE16D445BF8078B,材料1|三角波|70|fq3|bq3,920881.710885,928976.150083,927703.2646,0.00875146385974,0.00738032320809,True,True,True,False
附件一（训练集）.xlsx|材料1|3166,附件一（训练集）.xlsx,C16AEE712BC0AD480B5285F17FA7FA57A5E22A1901D4A6ADB0A1EB83ECFB7FFC,材料1,3166,附件一（训练集）.xlsx|材料1|3166,D808127DE664790A93DD836E4FEE507B7AFBB906D0DD210DC5482C623721F511,8EB7283607FCAD30FB2348AD2207B81563035A9D9F2335380A569C92909D4F61,材料1|90|三角波|55|-9,4,q4-ridge-fold-4,q4-ridge-full,材料1,90,396820,三角波,0.13818574,54834.8653468,1528994E6DC4B68AEAF1605973D8A67CC1C13011A2FA0A766653FF9BE639C170,AFD3FF9D20B9829C714103D3E47F8B3093FED3601B1C2E47DA69358DA10F3D51,2B66DCDE1539748A4B4C7CE0574A96E1362CBFBE26957E618F2506632D0AAD4E,45EB32BF8721BD38DC5DE0B3298EA0EE5515DF84F1E1AB4BEAE16D445BF8078B,材料1|三角波|90|fq3|bq3,1056268.28809,1051422.12259,1127758.631,0.00459855908338,0.0654898768471,True,True,True,False
附件一（训练集）.xlsx|材料1|2893,附件一（训练集）.xlsx,C16AEE712BC0AD480B5285F17FA7FA57A5E22A1901D4A6ADB0A1EB83ECFB7FFC,材料1,2893,附件一（训练集）.xlsx|材料1|2893,22EC509F7C2C5BEE8B0B7E32BD11D73ECE5A9567D9BA6CD10C055FBC3EC475B2,E1E13128FC462957234B608F7170BED734494638C67403782B75A1AB744E1246,材料1|70|三角波|55|-9,1,q4-ridge-fold-1,q4-ridge-full,材料1,70,396820,三角波,0.138362618,54905.0540748,1528994E6DC4B68AEAF1605973D8A67CC1C13011A2FA0A766653FF9BE639C170,AFD3FF9D20B9829C714103D3E47F8B3093FED3601B1C2E47DA69358DA10F3D51,2B66DCDE1539748A4B4C7CE0574A96E1362CBFBE26957E618F2506632D0AAD4E,45EB32BF8721BD38DC5DE0B3298EA0EE5515DF84F1E1AB4BEAE16D445BF8078B,材料1|三角波|70|fq3|bq3,1140144.1458,1139372.16242,1163294.243,0.000677321525982,0.0201011294243,True,True,True,False
附件一（训练集）.xlsx|材料1|3167,附件一（训练集）.xlsx,C16AEE712BC0AD480B5285F17FA7FA57A5E22A1901D4A6ADB0A1EB83ECFB7FFC,材料1,3167,附件一（训练集）.xlsx|材料1|3167,6A39522FE748BC693E17882E9A8629C23EE86BBA87F1505C1B323D7FFA9BFC33,EEB718232BE115628A865EC5292D01492DB32CDEB15DC3569A374B995ABFBB19,材料1|90|三角波|55|-9,4,q4-ridge-fold-4,q4-ridge-full,材料1,90,396820,三角波,0.154211759,61194.3102064,1528994E6DC4B68AEAF1605973D8A67CC1C13011A2FA0A766653FF9BE639C170,AFD3FF9D20B9829C714103D3E47F8B3093FED3601B1C2E47DA69358DA10F3D51,2B66DCDE1539748A4B4C7CE0574A96E1362CBFBE26957E618F2506632D0AAD4E,45EB32BF8721BD38DC5DE0B3298EA0EE5515DF84F1E1AB4BEAE16D445BF8078B,材料1|三角波|90|fq3|bq3,1318022.38328,1315158.314,1469726.296,0.00217536778774,0.108943693246,True,True,True,False
附件一（训练集）.xlsx|材料1|2894,附件一（训练集）.xlsx,C16AEE712BC0AD480B5285F17FA7FA57A5E22A1901D4A6ADB0A1EB83ECFB7FFC,材料1,2894,附件一（训练集）.xlsx|材料1|2894,BD294F6B7F207545164C8FF735112E40AE37F7D58F220EDC230150FC244FC22E,A60AE6D4ED0C0895EDD4A667EB0FC9D2CEFCE38E7B60E3B71E157CE7C0A31745,材料1|70|三角波|55|-9,1,q4-ridge-fold-1,q4-ridge-full,材料1,70,396820,三角波,0.15459914,61348.0307348,1528994E6DC4B68AEAF1605973D8A67CC1C13011A2FA0A766653FF9BE639C170,AFD3FF9D20B9829C714103D3E47F8B3093FED3601B1C2E47DA69358DA10F3D51,2B66DCDE1539748A4B4C7CE0574A96E1362CBFBE26957E618F2506632D0AAD4E,45EB32BF8721BD38DC5DE0B3298EA0EE5515DF84F1E1AB4BEAE16D445BF8078B,材料1|三角波|70|fq3|bq3,1395890.31146,1388874.7004,1505892.074,0.00503857297386,0.0758529826683,True,True,True,False
附件一（训练集）.xlsx|材料1|2883,附件一（训练集）.xlsx,C16AEE712BC0AD480B5285F17FA7FA57A5E22A1901D4A6ADB0A1EB83ECFB7FFC,材料1,2883,附件一（训练集）.xlsx|材料1|2883,9275C6E46E358B604BDAA23C1AB4F193DE0DD0C1667D5B359D245D16DAC57AB4,9839352640CA1B000642A4F3319BF7CB35AB9F8BB258142BF231774C37300343,材料1|70|三角波|55|-8,2,q4-ridge-fold-2,q4-ridge-full,材料1,70,354610,三角波,0.173213908,61423.3839159,1528994E6DC4B68AEAF1605973D8A67CC1C13011A2FA0A766653FF9BE639C170,AFD3FF9D20B9829C714103D3E47F8B3093FED3601B1C2E47DA69358DA10F3D51,2B66DCDE1539748A4B4C7CE0574A96E1362CBFBE26957E618F2506632D0AAD4E,45EB32BF8721BD38DC5DE0B3298EA0EE5515DF84F1E1AB4BEAE16D445BF8078B,材料1|三角波|70|fq3|bq3,1528119.78751,1531250.62296,1587267.614,0.00204671816496,0.0379759491632,True,True,True,False
附件一（训练集）.xlsx|材料1|3168,附件一（训练集）.xlsx,C16AEE712BC0AD480B5285F17FA7FA57A5E22A1901D4A6ADB0A1EB83ECFB7FFC,材料1,3168,附件一（训练集）.xlsx|材料1|3168,09B620F893107E237CF4539698A6D614A0EE1AAFC22C6EEC1C2B12B3750AC341,E641E5F16713ED193F0B7A411948299C821B70DEFFF773BFFE79C518C62D505E,材料1|90|三角波|55|-8,1,q4-ridge-fold-1,q4-ridge-full,材料1,90,396820,三角波,0.173500588,68848.5033302,1528994E6DC4B68AEAF1605973D8A67CC1C13011A2FA0A766653FF9BE639C170,AFD3FF9D20B9829C714103D3E47F8B3093FED3601B1C2E47DA69358DA10F3D51,2B66DCDE1539748A4B4C7CE0574A96E1362CBFBE26957E618F2506632D0AAD4E,45EB32BF8721BD38DC5DE0B3298EA0EE5515DF84F1E1AB4BEAE16D445BF8078B,材料1|三角波|90|fq3|bq3,1758688.06038,1739398.33115,1969353.105,0.0110288378088,0.113136944055,True,True,True,False
附件一（训练集）.xlsx|材料1|2895,附件一（训练集）.xlsx,C16AEE712BC0AD480B5285F17FA7FA57A5E22A1901D4A6ADB0A1EB83ECFB7FFC,材料1,2895,附件一（训练集）.xlsx|材料1|2895,3977F1E230B7D8B9B9058BD6AAFBA20CB3CC4568DC86531402C261990F505011,0A9DF9CF94203D7B0428A632DB1A7D30C966EDED3FBA39D0A5970F25675DAD19,材料1|70|三角波|55|-8,2,q4-ridge-fold-2,q4-ridge-full,材料1,70,396820,三角波,0.17390845,69010.351129,1528994E6DC4B68AEAF1605973D8A67CC1C13011A2FA0A766653FF9BE639C170,AFD3FF9D20B9829C714103D3E47F8B3093FED3601B1C2E47DA69358DA10F3D51,2B66DCDE1539748A4B4C7CE0574A96E1362CBFBE26957E618F2506632D0AAD4E,45EB32BF8721BD38DC5DE0B3298EA0EE5515DF84F1E1AB4BEAE16D445BF8078B,材料1|三角波|70|fq3|bq3,1870786.36616,1875136.33985,1978770.733,0.0023225109882,0.0561169216776,True,True,True,False
附件一（训练集）.xlsx|材料1|3169,附件一（训练集）.xlsx,C16AEE712BC0AD480B5285F17FA7FA57A5E22A1901D4A6ADB0A1EB83ECFB7FFC,材料1,3169,附件一（训练集）.xlsx|材料1|3169,581BFB2BD6BD2F296522700A4794F407902ECF2223F6C869CA7935EF2A7CE703,D7ED82AF916CD0A6F4C6C1CA4ECEF04B92AF71C32FBEADD61E32EE248480E168,材料1|90|三角波|55|-8,1,q4-ridge-fold-1,q4-ridge-full,材料1,90,396820,三角波,0.194949178,77359.732814,1528994E6DC4B68AEAF1605973D8A67CC1C13011A2FA0A766653FF9BE639C170,AFD3FF9D20B9829C714103D3E47F8B3093FED3601B1C2E47DA69358DA10F3D51,2B66DCDE1539748A4B4C7CE0574A96E1362CBFBE26957E618F2506632D0AAD4E,45EB32BF8721BD38DC5DE0B3298EA0EE5515DF84F1E1AB4BEAE16D445BF8078B,材料1|三角波|90|fq3|bq3,2435686.39665,2410578.31163,2667612.198,0.0103619182287,0.0909551241674,True,True,True,False
附件一（训练集）.xlsx|材料1|3155,附件一（训练集）.xlsx,C16AEE712BC0AD480B5285F17FA7FA57A5E22A1901D4A6ADB0A1EB83ECFB7FFC,材料1,3155,附件一（训练集）.xlsx|材料1|3155,03BB48920D8927D72483D282AD585471BD9334BDECEC348D284E09822924F8F1,5BFBCDF280F65BE3ADCF5A07DC904E978E4499C66582BB7E49CD5182B104D099,材料1|90|三角波|55|-7,2,q4-ridge-fold-2,q4-ridge-full,材料1,90,354610,三角波,0.21846172,77468.7105292,1528994E6DC4B68AEAF1605973D8A67CC1C13011A2FA0A766653FF9BE639C170,AFD3FF9D20B9829C714103D3E47F8B3093FED3601B1C2E47DA69358DA10F3D51,2B66DCDE1539748A4B4C7CE0574A96E1362CBFBE26957E618F2506632D0AAD4E,45EB32BF8721BD38DC5DE0B3298EA0EE5515DF84F1E1AB4BEAE16D445BF8078B,材料1|三角波|90|fq3|bq3,2473796.06898,2472106.48456,2887987.738,0.000683225673862,0.154806076305,True,True,True,False
附件一（训练集）.xlsx|材料1|2869,附件一（训练集）.xlsx,C16AEE712BC0AD480B5285F17FA7FA57A5E22A1901D4A6ADB0A1EB83ECFB7FFC,材料1,2869,附件一（训练集）.xlsx|材料1|2869,3074F1131A978F36CF962E376C1F6C2597CCF6752583EAB19FD52EC0D00F4AE7,EAEC62EB52590EB862B17FA0E24C77CA9A8B35BF261447C942C1B1FD4996C278,材料1|70|三角波|55|-7,0,q4-ridge-fold-0,q4-ridge-full,材料1,70,354610,三角波,0.218857279,77608.9797062,1528994E6DC4B68AEAF1605973D8A67CC1C13011A2FA0A766653FF9BE639C170,AFD3FF9D20B9829C714103D3E47F8B3093FED3601B1C2E47DA69358DA10F3D51,2B66DCDE1539748A4B4C7CE0574A96E1362CBFBE26957E618F2506632D0AAD4E,45EB32BF8721BD38DC5DE0B3298EA0EE5515DF84F1E1AB4BEAE16D445BF8078B,材料1|三角波|70|fq3|bq3,3165175.78994,3129637.3576,2766294.227,0.0112914546633,0.134699950017,True,True,True,False
