outer_fold,feature,scaled_coefficient
0,operating_splines__log_frequency_Hz_sp_0,-0.630941540856
0,operating_splines__log_frequency_Hz_sp_1,-1.29116868271
0,operating_splines__log_frequency_Hz_sp_2,-0.84595084193
0,operating_splines__log_frequency_Hz_sp_3,-0.480001523136
0,operating_splines__log_b_m_T_sp_0,-0.931623837786
0,operating_splines__log_b_m_T_sp_1,-2.47095600509
0,operating_splines__log_b_m_T_sp_2,-1.52804031955
0,operating_splines__log_b_m_T_sp_3,-0.858207132882
0,effect_and_interactions__effect_temperature_25,0.223392322503
0,effect_and_interactions__effect_temperature_50,0.0263946900709
0,effect_and_interactions__effect_temperature_70,-0.103074744262
0,effect_and_interactions__effect_waveform_正弦波,-0.126355294111
0,effect_and_interactions__effect_waveform_三角波,0.176192004103
0,effect_and_interactions__effect_material_材料1,-0.108091354221
0,effect_and_interactions__effect_material_材料2,-0.054822161384
0,effect_and_interactions__effect_material_材料3,0.0189254188004
0,effect_and_interactions__interaction_temperature_25__waveform_正弦波,0.0536911494906
0,effect_and_interactions__interaction_temperature_25__waveform_三角波,-0.0648111736254
0,effect_and_interactions__interaction_temperature_50__waveform_正弦波,0.0092259753818
0,effect_and_interactions__interaction_temperature_50__waveform_三角波,-0.0098431840201
0,effect_and_interactions__interaction_temperature_70__waveform_正弦波,-0.0257109176693
0,effect_and_interactions__interaction_temperature_70__waveform_三角波,0.0299813842717
0,effect_and_interactions__interaction_temperature_25__material_材料1,0.00855057280257
0,effect_and_interactions__interaction_temperature_25__material_材料2,-0.00175005168698
0,effect_and_interactions__interaction_temperature_25__material_材料3,-0.000774136981726
0,effect_and_interactions__interaction_temperature_50__material_材料1,0.00181699041958
0,effect_and_interactions__interaction_temperature_50__material_材料2,0.0134808050396
0,effect_and_interactions__interaction_temperature_50__material_材料3,-0.00952397974806
0,effect_and_interactions__interaction_temperature_70__material_材料1,0.00547441230124
0,effect_and_interactions__interaction_temperature_70__material_材料2,-0.0103785326512
0,effect_and_interactions__interaction_temperature_70__material_材料3,-0.00277621674374
0,effect_and_interactions__interaction_waveform_正弦波__material_材料1,-0.0453643634558
0,effect_and_interactions__interaction_waveform_正弦波__material_材料2,0.0339509392618
0,effect_and_interactions__interaction_waveform_正弦波__material_材料3,0.0404831330017
0,effect_and_interactions__interaction_waveform_三角波__material_材料1,0.087929947884
0,effect_and_interactions__interaction_waveform_三角波__material_材料2,-0.0492774447691
0,effect_and_interactions__interaction_waveform_三角波__material_材料3,-0.0631791042344
1,operating_splines__log_frequency_Hz_sp_0,-0.622851355606
1,operating_splines__log_frequency_Hz_sp_1,-1.30045908223
1,operating_splines__log_frequency_Hz_sp_2,-0.845786461881
1,operating_splines__log_frequency_Hz_sp_3,-0.493971664951
1,operating_splines__log_b_m_T_sp_0,-0.961777873255
1,operating_splines__log_b_m_T_sp_1,-2.47775949902
1,operating_splines__log_b_m_T_sp_2,-1.53527729847
1,operating_splines__log_b_m_T_sp_3,-0.856727332463
1,effect_and_interactions__effect_temperature_25,0.219322097667
1,effect_and_interactions__effect_temperature_50,0.0247490123969
1,effect_and_interactions__effect_temperature_70,-0.101758899489
1,effect_and_interactions__effect_waveform_正弦波,-0.125766087395
1,effect_and_interactions__effect_waveform_三角波,0.176481995989
1,effect_and_interactions__effect_material_材料1,-0.105562263759
1,effect_and_interactions__effect_material_材料2,-0.0558283024504
1,effect_and_interactions__effect_material_材料3,0.0264961522882
1,effect_and_interactions__interaction_temperature_25__waveform_正弦波,0.0665684936468
1,effect_and_interactions__interaction_temperature_25__waveform_三角波,-0.0730601103263
1,effect_and_interactions__interaction_temperature_50__waveform_正弦波,0.00774788895908
1,effect_and_interactions__interaction_temperature_50__waveform_三角波,-0.0120129838258
1,effect_and_interactions__interaction_temperature_70__waveform_正弦波,-0.0312171515838
1,effect_and_interactions__interaction_temperature_70__waveform_三角波,0.038789893407
1,effect_and_interactions__interaction_temperature_25__material_材料1,0.0120995917319
1,effect_and_interactions__interaction_temperature_25__material_材料2,0.00194265824021
1,effect_and_interactions__interaction_temperature_25__material_材料3,0.00128195280345
1,effect_and_interactions__interaction_temperature_50__material_材料1,-0.0039300255022
1,effect_and_interactions__interaction_temperature_50__material_材料2,0.00888539632086
1,effect_and_interactions__interaction_temperature_50__material_材料3,-0.00743856436551
1,effect_and_interactions__interaction_temperature_70__material_材料1,0.00415467499669
1,effect_and_interactions__interaction_temperature_70__material_材料2,-0.0053306731568
1,effect_and_interactions__interaction_temperature_70__material_材料3,-0.00901527985635
1,effect_and_interactions__interaction_waveform_正弦波__material_材料1,-0.0485111473045
1,effect_and_interactions__interaction_waveform_正弦波__material_材料2,0.0271175863823
1,effect_and_interactions__interaction_waveform_正弦波__material_材料3,0.0458215089257
1,effect_and_interactions__interaction_waveform_三角波__material_材料1,0.0937724944192
1,effect_and_interactions__interaction_waveform_三角波__material_材料2,-0.0419250297866
1,effect_and_interactions__interaction_waveform_三角波__material_材料3,-0.064980995665
2,operating_splines__log_frequency_Hz_sp_0,-0.611802194808
2,operating_splines__log_frequency_Hz_sp_1,-1.29312243572
2,operating_splines__log_frequency_Hz_sp_2,-0.841400525229
2,operating_splines__log_frequency_Hz_sp_3,-0.487910254998
2,operating_splines__log_b_m_T_sp_0,-0.945365878581
2,operating_splines__log_b_m_T_sp_1,-2.50380058725
2,operating_splines__log_b_m_T_sp_2,-1.5394371177
2,operating_splines__log_b_m_T_sp_3,-0.86975701064
2,effect_and_interactions__effect_temperature_25,0.224515194458
2,effect_and_interactions__effect_temperature_50,0.0280524680904
2,effect_and_interactions__effect_temperature_70,-0.102282250859
2,effect_and_interactions__effect_waveform_正弦波,-0.121341787228
2,effect_and_interactions__effect_waveform_三角波,0.173772889626
2,effect_and_interactions__effect_material_材料1,-0.109681340067
2,effect_and_interactions__effect_material_材料2,-0.0591178696658
2,effect_and_interactions__effect_material_材料3,0.0286629541698
2,effect_and_interactions__interaction_temperature_25__waveform_正弦波,0.0691461082258
2,effect_and_interactions__interaction_temperature_25__waveform_三角波,-0.0693305879355
2,effect_and_interactions__interaction_temperature_50__waveform_正弦波,0.0032452733549
2,effect_and_interactions__interaction_temperature_50__waveform_三角波,-0.00534603871851
2,effect_and_interactions__interaction_temperature_70__waveform_正弦波,-0.0295551575697
2,effect_and_interactions__interaction_temperature_70__waveform_三角波,0.0327986176767
2,effect_and_interactions__interaction_temperature_25__material_材料1,0.0130419971724
2,effect_and_interactions__interaction_temperature_25__material_材料2,-0.00294269021439
2,effect_and_interactions__interaction_temperature_25__material_材料3,0.00211987512332
2,effect_and_interactions__interaction_temperature_50__material_材料1,0.00113714807849
2,effect_and_interactions__interaction_temperature_50__material_材料2,0.0127817827051
2,effect_and_interactions__interaction_temperature_50__material_材料3,-0.0111649466206
2,effect_and_interactions__interaction_temperature_70__material_材料1,0.0067747157338
2,effect_and_interactions__interaction_temperature_70__material_材料2,-0.00413376748065
2,effect_and_interactions__interaction_temperature_70__material_材料3,-0.0080342561864
2,effect_and_interactions__interaction_waveform_正弦波__material_材料1,-0.047813293537
2,effect_and_interactions__interaction_waveform_正弦波__material_材料2,0.0260552679099
2,effect_and_interactions__interaction_waveform_正弦波__material_材料3,0.0408592941606
2,effect_and_interactions__interaction_waveform_三角波__material_材料1,0.0874942680695
2,effect_and_interactions__interaction_waveform_三角波__material_材料2,-0.0396006944129
2,effect_and_interactions__interaction_waveform_三角波__material_材料3,-0.0637175155804
3,operating_splines__log_frequency_Hz_sp_0,-0.611165540254
3,operating_splines__log_frequency_Hz_sp_1,-1.30842215178
3,operating_splines__log_frequency_Hz_sp_2,-0.849065924833
3,operating_splines__log_frequency_Hz_sp_3,-0.49260378638
3,operating_splines__log_b_m_T_sp_0,-0.930711072592
3,operating_splines__log_b_m_T_sp_1,-2.45246522713
3,operating_splines__log_b_m_T_sp_2,-1.51251175878
3,operating_splines__log_b_m_T_sp_3,-0.834832673915
3,effect_and_interactions__effect_temperature_25,0.221732452311
3,effect_and_interactions__effect_temperature_50,0.0254057401409
3,effect_and_interactions__effect_temperature_70,-0.100995206566
3,effect_and_interactions__effect_waveform_正弦波,-0.119459323011
3,effect_and_interactions__effect_waveform_三角波,0.168881408533
3,effect_and_interactions__effect_material_材料1,-0.106752156668
3,effect_and_interactions__effect_material_材料2,-0.0558907094778
3,effect_and_interactions__effect_material_材料3,0.0246963285934
3,effect_and_interactions__interaction_temperature_25__waveform_正弦波,0.0629048046485
3,effect_and_interactions__interaction_temperature_25__waveform_三角波,-0.0687089780893
3,effect_and_interactions__interaction_temperature_50__waveform_正弦波,0.0119103924469
3,effect_and_interactions__interaction_temperature_50__waveform_三角波,-0.0074039910179
3,effect_and_interactions__interaction_temperature_70__waveform_正弦波,-0.0268759977787
3,effect_and_interactions__interaction_temperature_70__waveform_三角波,0.0288598023956
3,effect_and_interactions__interaction_temperature_25__material_材料1,0.00255654282435
3,effect_and_interactions__interaction_temperature_25__material_材料2,0.00824956784481
3,effect_and_interactions__interaction_temperature_25__material_材料3,0.00387742219669
3,effect_and_interactions__interaction_temperature_50__material_材料1,-0.00405999754625
3,effect_and_interactions__interaction_temperature_50__material_材料2,0.0150636757792
3,effect_and_interactions__interaction_temperature_50__material_材料3,-0.00820978683945
3,effect_and_interactions__interaction_temperature_70__material_材料1,-0.00160356869496
3,effect_and_interactions__interaction_temperature_70__material_材料2,-0.00730678745552
3,effect_and_interactions__interaction_temperature_70__material_材料3,-0.00896680138542
3,effect_and_interactions__interaction_waveform_正弦波__material_材料1,-0.0530467438669
3,effect_and_interactions__interaction_waveform_正弦波__material_材料2,0.0367801714961
3,effect_and_interactions__interaction_waveform_正弦波__material_材料3,0.0367123135291
3,effect_and_interactions__interaction_waveform_三角波__material_材料1,0.0909564030068
3,effect_and_interactions__interaction_waveform_三角波__material_材料2,-0.050515367515
3,effect_and_interactions__interaction_waveform_三角波__material_材料3,-0.0581069007714
4,operating_splines__log_frequency_Hz_sp_0,-0.606614499711
4,operating_splines__log_frequency_Hz_sp_1,-1.30578004091
4,operating_splines__log_frequency_Hz_sp_2,-0.839672927588
4,operating_splines__log_frequency_Hz_sp_3,-0.493328273554
4,operating_splines__log_b_m_T_sp_0,-0.929957561849
4,operating_splines__log_b_m_T_sp_1,-2.45557472897
4,operating_splines__log_b_m_T_sp_2,-1.50783462128
4,operating_splines__log_b_m_T_sp_3,-0.84008170353
4,effect_and_interactions__effect_temperature_25,0.22627294522
4,effect_and_interactions__effect_temperature_50,0.0220540951058
4,effect_and_interactions__effect_temperature_70,-0.104629852953
4,effect_and_interactions__effect_waveform_正弦波,-0.122981077592
4,effect_and_interactions__effect_waveform_三角波,0.176524343255
4,effect_and_interactions__effect_material_材料1,-0.104679514648
4,effect_and_interactions__effect_material_材料2,-0.054498384317
4,effect_and_interactions__effect_material_材料3,0.022913349137
4,effect_and_interactions__interaction_temperature_25__waveform_正弦波,0.0647279492968
4,effect_and_interactions__interaction_temperature_25__waveform_三角波,-0.0706048656466
4,effect_and_interactions__interaction_temperature_50__waveform_正弦波,0.00483564034857
4,effect_and_interactions__interaction_temperature_50__waveform_三角波,-0.00859114653047
4,effect_and_interactions__interaction_temperature_70__waveform_正弦波,-0.0272632806871
4,effect_and_interactions__interaction_temperature_70__waveform_三角波,0.0313165547398
4,effect_and_interactions__interaction_temperature_25__material_材料1,0.00371192243202
4,effect_and_interactions__interaction_temperature_25__material_材料2,0.00622463734174
4,effect_and_interactions__interaction_temperature_25__material_材料3,0.00596109491372
4,effect_and_interactions__interaction_temperature_50__material_材料1,0.000922883537714
4,effect_and_interactions__interaction_temperature_50__material_材料2,0.0052584851511
4,effect_and_interactions__interaction_temperature_50__material_材料3,-0.00824471789264
4,effect_and_interactions__interaction_temperature_70__material_材料1,0.00517430374696
4,effect_and_interactions__interaction_temperature_70__material_材料2,-0.00247877756365
4,effect_and_interactions__interaction_temperature_70__material_材料3,-0.0108770427268
4,effect_and_interactions__interaction_waveform_正弦波__material_材料1,-0.0545634485459
4,effect_and_interactions__interaction_waveform_正弦波__material_材料2,0.0333129714111
4,effect_and_interactions__interaction_waveform_正弦波__material_材料3,0.041537784595
4,effect_and_interactions__interaction_waveform_三角波__material_材料1,0.0986136320791
4,effect_and_interactions__interaction_waveform_三角波__material_材料2,-0.0469590999479
4,effect_and_interactions__interaction_waveform_三角波__material_材料3,-0.0655795086813
