q5_region_id,valid_repetitions,pareto_repetitions,conditional_region_pareto_rate,minimum_valid_repetitions,minimum_conditional_rate,bootstrap_region_stability_pass
材料1|三角波|25|fq0|bq1,497,0,0,400,0.5,False
材料1|三角波|25|fq0|bq2,500,0,0,400,0.5,False
材料1|三角波|25|fq0|bq3,500,0,0,400,0.5,False
材料1|三角波|25|fq1|bq0,499,0,0,400,0.5,False
材料1|三角波|25|fq1|bq1,500,0,0,400,0.5,False
材料1|三角波|25|fq1|bq2,500,0,0,400,0.5,False
材料1|三角波|25|fq1|bq3,500,0,0,400,0.5,False
材料1|三角波|25|fq2|bq0,500,0,0,400,0.5,False
材料1|三角波|25|fq2|bq1,500,0,0,400,0.5,False
材料1|三角波|25|fq2|bq2,500,0,0,400,0.5,False
材料1|三角波|25|fq2|bq3,495,0,0,400,0.5,False
材料1|三角波|25|fq3|bq0,500,133,0.266,400,0.5,False
材料1|三角波|25|fq3|bq1,500,156,0.312,400,0.5,False
材料1|三角波|25|fq3|bq2,498,77,0.154618473896,400,0.5,False
材料1|三角波|25|fq3|bq3,490,250,0.510204081633,400,0.5,True
材料1|三角波|50|fq0|bq0,311,0,0,400,0.5,False
材料1|三角波|50|fq0|bq1,472,0,0,400,0.5,False
材料1|三角波|50|fq0|bq2,500,0,0,400,0.5,False
材料1|三角波|50|fq0|bq3,500,0,0,400,0.5,False
材料1|三角波|50|fq1|bq0,499,0,0,400,0.5,False
材料1|三角波|50|fq1|bq1,500,0,0,400,0.5,False
材料1|三角波|50|fq1|bq2,500,0,0,400,0.5,False
材料1|三角波|50|fq1|bq3,500,0,0,400,0.5,False
材料1|三角波|50|fq2|bq0,500,0,0,400,0.5,False
材料1|三角波|50|fq2|bq1,500,0,0,400,0.5,False
材料1|三角波|50|fq2|bq2,500,0,0,400,0.5,False
材料1|三角波|50|fq2|bq3,494,0,0,400,0.5,False
材料1|三角波|50|fq3|bq0,500,172,0.344,400,0.5,False
材料1|三角波|50|fq3|bq1,500,360,0.72,400,0.5,True
材料1|三角波|50|fq3|bq2,498,442,0.887550200803,400,0.5,True
材料1|三角波|50|fq3|bq3,477,256,0.536687631027,400,0.5,True
材料1|三角波|70|fq0|bq0,298,0,0,400,0.5,False
材料1|三角波|70|fq0|bq1,499,0,0,400,0.5,False
材料1|三角波|70|fq0|bq2,500,0,0,400,0.5,False
材料1|三角波|70|fq0|bq3,500,0,0,400,0.5,False
材料1|三角波|70|fq1|bq0,496,0,0,400,0.5,False
材料1|三角波|70|fq1|bq1,500,0,0,400,0.5,False
材料1|三角波|70|fq1|bq2,500,0,0,400,0.5,False
材料1|三角波|70|fq1|bq3,500,0,0,400,0.5,False
材料1|三角波|70|fq2|bq0,500,0,0,400,0.5,False
材料1|三角波|70|fq2|bq1,500,0,0,400,0.5,False
材料1|三角波|70|fq2|bq2,500,0,0,400,0.5,False
材料1|三角波|70|fq2|bq3,498,0,0,400,0.5,False
材料1|三角波|70|fq3|bq0,500,359,0.718,400,0.5,True
材料1|三角波|70|fq3|bq1,500,461,0.922,400,0.5,True
材料1|三角波|70|fq3|bq2,499,467,0.935871743487,400,0.5,True
材料1|三角波|70|fq3|bq3,489,489,1,400,0.5,True
材料1|三角波|90|fq0|bq1,497,0,0,400,0.5,False
材料1|三角波|90|fq0|bq2,500,0,0,400,0.5,False
材料1|三角波|90|fq0|bq3,500,0,0,400,0.5,False
材料1|三角波|90|fq1|bq0,500,0,0,400,0.5,False
材料1|三角波|90|fq1|bq1,500,0,0,400,0.5,False
材料1|三角波|90|fq1|bq2,500,0,0,400,0.5,False
材料1|三角波|90|fq1|bq3,500,0,0,400,0.5,False
材料1|三角波|90|fq2|bq0,500,0,0,400,0.5,False
材料1|三角波|90|fq2|bq1,500,0,0,400,0.5,False
材料1|三角波|90|fq2|bq2,500,0,0,400,0.5,False
材料1|三角波|90|fq2|bq3,493,0,0,400,0.5,False
材料1|三角波|90|fq3|bq0,500,23,0.046,400,0.5,False
材料1|三角波|90|fq3|bq1,500,386,0.772,400,0.5,True
材料1|三角波|90|fq3|bq2,500,472,0.944,400,0.5,True
材料1|三角波|90|fq3|bq3,493,493,1,400,0.5,True
材料1|梯形波|25|fq0|bq1,428,0,0,400,0.5,False
材料1|梯形波|25|fq0|bq2,500,0,0,400,0.5,False
材料1|梯形波|25|fq0|bq3,500,0,0,400,0.5,False
材料1|梯形波|25|fq1|bq0,467,0,0,400,0.5,False
材料1|梯形波|25|fq1|bq1,498,0,0,400,0.5,False
材料1|梯形波|25|fq1|bq2,500,0,0,400,0.5,False
材料1|梯形波|25|fq1|bq3,500,0,0,400,0.5,False
材料1|梯形波|25|fq2|bq0,500,0,0,400,0.5,False
材料1|梯形波|25|fq2|bq1,495,0,0,400,0.5,False
材料1|梯形波|25|fq2|bq2,500,0,0,400,0.5,False
材料1|梯形波|25|fq2|bq3,500,0,0,400,0.5,False
材料1|梯形波|25|fq3|bq0,498,0,0,400,0.5,False
材料1|梯形波|25|fq3|bq1,480,0,0,400,0.5,False
材料1|梯形波|25|fq3|bq2,483,0,0,400,0.5,False
材料1|梯形波|25|fq3|bq3,472,0,0,400,0.5,False
材料1|梯形波|50|fq0|bq1,436,0,0,400,0.5,False
材料1|梯形波|50|fq0|bq2,500,0,0,400,0.5,False
材料1|梯形波|50|fq0|bq3,500,0,0,400,0.5,False
材料1|梯形波|50|fq1|bq0,472,0,0,400,0.5,False
材料1|梯形波|50|fq1|bq1,500,0,0,400,0.5,False
材料1|梯形波|50|fq1|bq2,500,0,0,400,0.5,False
材料1|梯形波|50|fq1|bq3,500,0,0,400,0.5,False
材料1|梯形波|50|fq2|bq0,500,0,0,400,0.5,False
材料1|梯形波|50|fq2|bq1,499,0,0,400,0.5,False
材料1|梯形波|50|fq2|bq2,499,0,0,400,0.5,False
材料1|梯形波|50|fq2|bq3,500,0,0,400,0.5,False
材料1|梯形波|50|fq3|bq0,500,0,0,400,0.5,False
材料1|梯形波|50|fq3|bq1,480,0,0,400,0.5,False
材料1|梯形波|50|fq3|bq2,480,0,0,400,0.5,False
材料1|梯形波|50|fq3|bq3,475,0,0,400,0.5,False
材料1|梯形波|70|fq0|bq1,436,0,0,400,0.5,False
材料1|梯形波|70|fq0|bq2,500,0,0,400,0.5,False
材料1|梯形波|70|fq0|bq3,500,0,0,400,0.5,False
材料1|梯形波|70|fq1|bq0,472,0,0,400,0.5,False
材料1|梯形波|70|fq1|bq1,500,0,0,400,0.5,False
材料1|梯形波|70|fq1|bq2,498,0,0,400,0.5,False
材料1|梯形波|70|fq1|bq3,500,0,0,400,0.5,False
材料1|梯形波|70|fq2|bq0,499,0,0,400,0.5,False
材料1|梯形波|70|fq2|bq1,500,0,0,400,0.5,False
材料1|梯形波|70|fq2|bq2,497,0,0,400,0.5,False
材料1|梯形波|70|fq2|bq3,499,1,0.00200400801603,400,0.5,False
材料1|梯形波|70|fq3|bq0,500,0,0,400,0.5,False
材料1|梯形波|70|fq3|bq1,497,0,0,400,0.5,False
材料1|梯形波|70|fq3|bq2,478,0,0,400,0.5,False
材料1|梯形波|70|fq3|bq3,474,0,0,400,0.5,False
材料1|梯形波|90|fq0|bq1,319,0,0,400,0.5,False
材料1|梯形波|90|fq0|bq2,500,0,0,400,0.5,False
材料1|梯形波|90|fq0|bq3,500,0,0,400,0.5,False
材料1|梯形波|90|fq1|bq0,440,0,0,400,0.5,False
材料1|梯形波|90|fq1|bq1,500,0,0,400,0.5,False
材料1|梯形波|90|fq1|bq2,500,0,0,400,0.5,False
材料1|梯形波|90|fq1|bq3,500,0,0,400,0.5,False
材料1|梯形波|90|fq2|bq0,499,0,0,400,0.5,False
材料1|梯形波|90|fq2|bq1,498,4,0.00803212851406,400,0.5,False
材料1|梯形波|90|fq2|bq2,492,0,0,400,0.5,False
材料1|梯形波|90|fq2|bq3,499,2,0.00400801603206,400,0.5,False
材料1|梯形波|90|fq3|bq0,500,0,0,400,0.5,False
材料1|梯形波|90|fq3|bq1,492,0,0,400,0.5,False
材料1|梯形波|90|fq3|bq2,488,111,0.227459016393,400,0.5,False
材料1|梯形波|90|fq3|bq3,434,18,0.0414746543779,400,0.5,False
材料1|正弦波|25|fq0|bq0,494,0,0,400,0.5,False
材料1|正弦波|25|fq0|bq1,500,0,0,400,0.5,False
材料1|正弦波|25|fq0|bq2,500,0,0,400,0.5,False
材料1|正弦波|25|fq0|bq3,500,0,0,400,0.5,False
材料1|正弦波|25|fq1|bq0,500,0,0,400,0.5,False
材料1|正弦波|25|fq1|bq1,500,0,0,400,0.5,False
材料1|正弦波|25|fq1|bq2,500,0,0,400,0.5,False
材料1|正弦波|25|fq1|bq3,500,0,0,400,0.5,False
材料1|正弦波|25|fq2|bq0,500,7,0.014,400,0.5,False
材料1|正弦波|25|fq2|bq1,498,1,0.00200803212851,400,0.5,False
材料1|正弦波|25|fq2|bq2,500,0,0,400,0.5,False
材料1|正弦波|25|fq2|bq3,495,0,0,400,0.5,False
材料1|正弦波|25|fq3|bq0,493,1,0.00202839756592,400,0.5,False
材料1|正弦波|25|fq3|bq1,473,0,0,400,0.5,False
材料1|正弦波|25|fq3|bq2,445,3,0.00674157303371,400,0.5,False
材料1|正弦波|50|fq0|bq0,490,0,0,400,0.5,False
材料1|正弦波|50|fq0|bq1,500,0,0,400,0.5,False
材料1|正弦波|50|fq0|bq2,500,0,0,400,0.5,False
材料1|正弦波|50|fq0|bq3,500,0,0,400,0.5,False
材料1|正弦波|50|fq1|bq0,500,146,0.292,400,0.5,False
材料1|正弦波|50|fq1|bq1,500,0,0,400,0.5,False
材料1|正弦波|50|fq1|bq2,500,0,0,400,0.5,False
材料1|正弦波|50|fq1|bq3,500,0,0,400,0.5,False
材料1|正弦波|50|fq2|bq0,500,395,0.79,400,0.5,True
材料1|正弦波|50|fq2|bq1,498,46,0.0923694779116,400,0.5,False
材料1|正弦波|50|fq2|bq2,498,8,0.0160642570281,400,0.5,False
材料1|正弦波|50|fq2|bq3,494,5,0.0101214574899,400,0.5,False
材料1|正弦波|50|fq3|bq0,492,324,0.658536585366,400,0.5,True
材料1|正弦波|50|fq3|bq1,440,4,0.00909090909091,400,0.5,False
材料1|正弦波|50|fq3|bq2,313,110,0.351437699681,400,0.5,False
材料1|正弦波|70|fq0|bq0,479,40,0.0835073068894,400,0.5,False
材料1|正弦波|70|fq0|bq1,500,0,0,400,0.5,False
材料1|正弦波|70|fq0|bq2,500,0,0,400,0.5,False
材料1|正弦波|70|fq0|bq3,500,0,0,400,0.5,False
材料1|正弦波|70|fq1|bq0,500,493,0.986,400,0.5,True
材料1|正弦波|70|fq1|bq1,500,439,0.878,400,0.5,True
材料1|正弦波|70|fq1|bq2,500,102,0.204,400,0.5,False
材料1|正弦波|70|fq1|bq3,500,3,0.006,400,0.5,False
材料1|正弦波|70|fq2|bq0,500,495,0.99,400,0.5,True
材料1|正弦波|70|fq2|bq1,499,483,0.967935871743,400,0.5,True
材料1|正弦波|70|fq2|bq2,497,457,0.919517102616,400,0.5,True
材料1|正弦波|70|fq2|bq3,495,34,0.0686868686869,400,0.5,False
材料1|正弦波|70|fq3|bq0,500,271,0.542,400,0.5,True
材料1|正弦波|70|fq3|bq1,481,443,0.920997920998,400,0.5,True
材料1|正弦波|70|fq3|bq2,438,111,0.253424657534,400,0.5,False
材料1|正弦波|70|fq3|bq3,334,39,0.116766467066,400,0.5,False
材料1|正弦波|90|fq0|bq0,332,47,0.14156626506,400,0.5,False
材料1|正弦波|90|fq0|bq1,500,132,0.264,400,0.5,False
材料1|正弦波|90|fq0|bq2,500,4,0.008,400,0.5,False
材料1|正弦波|90|fq0|bq3,500,0,0,400,0.5,False
材料1|正弦波|90|fq1|bq0,500,500,1,400,0.5,True
材料1|正弦波|90|fq1|bq1,500,500,1,400,0.5,True
材料1|正弦波|90|fq1|bq2,500,416,0.832,400,0.5,True
材料1|正弦波|90|fq1|bq3,500,14,0.028,400,0.5,False
材料1|正弦波|90|fq2|bq0,500,491,0.982,400,0.5,True
材料1|正弦波|90|fq2|bq1,499,496,0.993987975952,400,0.5,True
材料1|正弦波|90|fq2|bq2,499,483,0.967935871743,400,0.5,True
材料1|正弦波|90|fq2|bq3,493,118,0.239350912779,400,0.5,False
材料1|正弦波|90|fq3|bq0,500,41,0.082,400,0.5,False
材料1|正弦波|90|fq3|bq1,500,452,0.904,400,0.5,True
材料1|正弦波|90|fq3|bq2,497,492,0.989939637827,400,0.5,True
材料2|三角波|25|fq0|bq1,316,0,0,400,0.5,False
材料2|三角波|25|fq0|bq2,496,0,0,400,0.5,False
材料2|三角波|25|fq0|bq3,500,0,0,400,0.5,False
材料2|三角波|25|fq1|bq0,476,0,0,400,0.5,False
材料2|三角波|25|fq1|bq1,496,0,0,400,0.5,False
材料2|三角波|25|fq1|bq2,500,0,0,400,0.5,False
材料2|三角波|25|fq1|bq3,500,0,0,400,0.5,False
材料2|三角波|25|fq2|bq0,500,0,0,400,0.5,False
材料2|三角波|25|fq2|bq1,498,0,0,400,0.5,False
材料2|三角波|25|fq2|bq2,500,0,0,400,0.5,False
材料2|三角波|25|fq2|bq3,500,0,0,400,0.5,False
材料2|三角波|25|fq3|bq0,500,0,0,400,0.5,False
材料2|三角波|25|fq3|bq1,500,0,0,400,0.5,False
材料2|三角波|25|fq3|bq2,499,0,0,400,0.5,False
材料2|三角波|25|fq3|bq3,470,0,0,400,0.5,False
材料2|三角波|50|fq0|bq1,414,0,0,400,0.5,False
材料2|三角波|50|fq0|bq2,496,0,0,400,0.5,False
材料2|三角波|50|fq0|bq3,500,0,0,400,0.5,False
材料2|三角波|50|fq1|bq0,470,0,0,400,0.5,False
材料2|三角波|50|fq1|bq1,500,0,0,400,0.5,False
材料2|三角波|50|fq1|bq2,499,0,0,400,0.5,False
材料2|三角波|50|fq1|bq3,500,0,0,400,0.5,False
材料2|三角波|50|fq2|bq0,500,0,0,400,0.5,False
材料2|三角波|50|fq2|bq1,499,0,0,400,0.5,False
材料2|三角波|50|fq2|bq2,499,1,0.00200400801603,400,0.5,False
材料2|三角波|50|fq2|bq3,500,1,0.002,400,0.5,False
材料2|三角波|50|fq3|bq0,500,314,0.628,400,0.5,True
材料2|三角波|50|fq3|bq1,497,0,0,400,0.5,False
材料2|三角波|50|fq3|bq2,500,3,0.006,400,0.5,False
材料2|三角波|50|fq3|bq3,486,25,0.0514403292181,400,0.5,False
材料2|三角波|70|fq0|bq1,447,0,0,400,0.5,False
材料2|三角波|70|fq0|bq2,494,0,0,400,0.5,False
材料2|三角波|70|fq0|bq3,500,0,0,400,0.5,False
材料2|三角波|70|fq1|bq0,441,0,0,400,0.5,False
材料2|三角波|70|fq1|bq1,496,0,0,400,0.5,False
材料2|三角波|70|fq1|bq2,499,0,0,400,0.5,False
材料2|三角波|70|fq1|bq3,500,0,0,400,0.5,False
材料2|三角波|70|fq2|bq0,499,0,0,400,0.5,False
材料2|三角波|70|fq2|bq1,499,385,0.771543086172,400,0.5,True
材料2|三角波|70|fq2|bq2,498,103,0.206827309237,400,0.5,False
材料2|三角波|70|fq2|bq3,500,158,0.316,400,0.5,False
材料2|三角波|70|fq3|bq0,500,5,0.01,400,0.5,False
材料2|三角波|70|fq3|bq1,500,63,0.126,400,0.5,False
材料2|三角波|70|fq3|bq2,498,158,0.317269076305,400,0.5,False
材料2|三角波|70|fq3|bq3,442,170,0.384615384615,400,0.5,False
材料2|三角波|90|fq0|bq1,322,0,0,400,0.5,False
材料2|三角波|90|fq0|bq2,497,0,0,400,0.5,False
材料2|三角波|90|fq0|bq3,500,0,0,400,0.5,False
材料2|三角波|90|fq1|bq0,320,0,0,400,0.5,False
材料2|三角波|90|fq1|bq1,499,0,0,400,0.5,False
材料2|三角波|90|fq1|bq2,500,0,0,400,0.5,False
材料2|三角波|90|fq1|bq3,500,0,0,400,0.5,False
材料2|三角波|90|fq2|bq0,500,3,0.006,400,0.5,False
材料2|三角波|90|fq2|bq1,498,372,0.746987951807,400,0.5,True
材料2|三角波|90|fq2|bq2,499,176,0.352705410822,400,0.5,False
材料2|三角波|90|fq2|bq3,500,31,0.062,400,0.5,False
材料2|三角波|90|fq3|bq0,500,124,0.248,400,0.5,False
材料2|三角波|90|fq3|bq1,500,21,0.042,400,0.5,False
材料2|三角波|90|fq3|bq2,500,148,0.296,400,0.5,False
材料2|三角波|90|fq3|bq3,492,334,0.678861788618,400,0.5,True
材料2|梯形波|25|fq0|bq1,489,0,0,400,0.5,False
材料2|梯形波|25|fq0|bq2,500,0,0,400,0.5,False
材料2|梯形波|25|fq0|bq3,500,0,0,400,0.5,False
材料2|梯形波|25|fq1|bq0,320,0,0,400,0.5,False
材料2|梯形波|25|fq1|bq1,500,0,0,400,0.5,False
材料2|梯形波|25|fq1|bq2,496,0,0,400,0.5,False
材料2|梯形波|25|fq1|bq3,500,0,0,400,0.5,False
材料2|梯形波|25|fq2|bq0,477,0,0,400,0.5,False
材料2|梯形波|25|fq2|bq1,476,0,0,400,0.5,False
材料2|梯形波|25|fq2|bq2,470,0,0,400,0.5,False
材料2|梯形波|25|fq2|bq3,488,0,0,400,0.5,False
材料2|梯形波|25|fq3|bq0,500,337,0.674,400,0.5,True
材料2|梯形波|25|fq3|bq1,500,0,0,400,0.5,False
材料2|梯形波|25|fq3|bq2,500,0,0,400,0.5,False
材料2|梯形波|25|fq3|bq3,496,0,0,400,0.5,False
材料2|梯形波|50|fq0|bq1,497,0,0,400,0.5,False
材料2|梯形波|50|fq0|bq2,500,0,0,400,0.5,False
材料2|梯形波|50|fq0|bq3,500,0,0,400,0.5,False
材料2|梯形波|50|fq1|bq0,434,0,0,400,0.5,False
材料2|梯形波|50|fq1|bq1,497,0,0,400,0.5,False
材料2|梯形波|50|fq1|bq2,476,0,0,400,0.5,False
材料2|梯形波|50|fq1|bq3,500,0,0,400,0.5,False
材料2|梯形波|50|fq2|bq0,481,0,0,400,0.5,False
材料2|梯形波|50|fq2|bq1,476,0,0,400,0.5,False
材料2|梯形波|50|fq2|bq2,470,0,0,400,0.5,False
材料2|梯形波|50|fq2|bq3,498,0,0,400,0.5,False
材料2|梯形波|50|fq3|bq0,500,110,0.22,400,0.5,False
材料2|梯形波|50|fq3|bq1,500,0,0,400,0.5,False
材料2|梯形波|50|fq3|bq2,500,1,0.002,400,0.5,False
材料2|梯形波|50|fq3|bq3,493,0,0,400,0.5,False
材料2|梯形波|70|fq0|bq1,441,0,0,400,0.5,False
材料2|梯形波|70|fq0|bq2,500,0,0,400,0.5,False
材料2|梯形波|70|fq0|bq3,500,0,0,400,0.5,False
材料2|梯形波|70|fq1|bq0,322,0,0,400,0.5,False
材料2|梯形波|70|fq1|bq1,497,0,0,400,0.5,False
材料2|梯形波|70|fq1|bq2,498,0,0,400,0.5,False
材料2|梯形波|70|fq1|bq3,500,0,0,400,0.5,False
材料2|梯形波|70|fq2|bq0,489,14,0.0286298568507,400,0.5,False
材料2|梯形波|70|fq2|bq1,467,0,0,400,0.5,False
材料2|梯形波|70|fq2|bq2,477,0,0,400,0.5,False
材料2|梯形波|70|fq2|bq3,495,0,0,400,0.5,False
材料2|梯形波|70|fq3|bq0,500,132,0.264,400,0.5,False
材料2|梯形波|70|fq3|bq1,500,115,0.23,400,0.5,False
材料2|梯形波|70|fq3|bq2,500,94,0.188,400,0.5,False
材料2|梯形波|70|fq3|bq3,496,2,0.00403225806452,400,0.5,False
材料2|梯形波|90|fq0|bq1,472,0,0,400,0.5,False
材料2|梯形波|90|fq0|bq2,500,0,0,400,0.5,False
材料2|梯形波|90|fq0|bq3,500,0,0,400,0.5,False
材料2|梯形波|90|fq1|bq0,314,0,0,400,0.5,False
材料2|梯形波|90|fq1|bq1,499,0,0,400,0.5,False
材料2|梯形波|90|fq1|bq2,496,0,0,400,0.5,False
材料2|梯形波|90|fq1|bq3,500,0,0,400,0.5,False
材料2|梯形波|90|fq2|bq0,492,23,0.0467479674797,400,0.5,False
材料2|梯形波|90|fq2|bq1,475,18,0.0378947368421,400,0.5,False
材料2|梯形波|90|fq2|bq2,475,0,0,400,0.5,False
材料2|梯形波|90|fq2|bq3,494,0,0,400,0.5,False
材料2|梯形波|90|fq3|bq0,500,0,0,400,0.5,False
材料2|梯形波|90|fq3|bq1,499,13,0.0260521042084,400,0.5,False
材料2|梯形波|90|fq3|bq2,500,13,0.026,400,0.5,False
材料2|梯形波|90|fq3|bq3,494,1,0.00202429149798,400,0.5,False
材料2|正弦波|25|fq0|bq0,488,0,0,400,0.5,False
材料2|正弦波|25|fq0|bq1,497,0,0,400,0.5,False
材料2|正弦波|25|fq0|bq2,500,0,0,400,0.5,False
材料2|正弦波|25|fq0|bq3,500,0,0,400,0.5,False
材料2|正弦波|25|fq1|bq0,500,0,0,400,0.5,False
材料2|正弦波|25|fq1|bq1,500,0,0,400,0.5,False
材料2|正弦波|25|fq1|bq2,499,0,0,400,0.5,False
材料2|正弦波|25|fq1|bq3,500,0,0,400,0.5,False
材料2|正弦波|25|fq2|bq0,500,0,0,400,0.5,False
材料2|正弦波|25|fq2|bq1,498,0,0,400,0.5,False
材料2|正弦波|25|fq2|bq2,498,0,0,400,0.5,False
材料2|正弦波|25|fq2|bq3,329,0,0,400,0.5,False
材料2|正弦波|25|fq3|bq0,488,1,0.00204918032787,400,0.5,False
材料2|正弦波|25|fq3|bq1,479,0,0,400,0.5,False
材料2|正弦波|25|fq3|bq2,431,0,0,400,0.5,False
材料2|正弦波|50|fq0|bq0,493,0,0,400,0.5,False
材料2|正弦波|50|fq0|bq1,499,0,0,400,0.5,False
材料2|正弦波|50|fq0|bq2,500,0,0,400,0.5,False
材料2|正弦波|50|fq0|bq3,500,0,0,400,0.5,False
材料2|正弦波|50|fq1|bq0,499,0,0,400,0.5,False
材料2|正弦波|50|fq1|bq1,500,0,0,400,0.5,False
材料2|正弦波|50|fq1|bq2,500,0,0,400,0.5,False
材料2|正弦波|50|fq1|bq3,500,0,0,400,0.5,False
材料2|正弦波|50|fq2|bq0,499,0,0,400,0.5,False
材料2|正弦波|50|fq2|bq1,489,0,0,400,0.5,False
材料2|正弦波|50|fq2|bq2,498,0,0,400,0.5,False
材料2|正弦波|50|fq2|bq3,330,0,0,400,0.5,False
材料2|正弦波|50|fq3|bq0,492,0,0,400,0.5,False
材料2|正弦波|50|fq3|bq1,481,0,0,400,0.5,False
材料2|正弦波|50|fq3|bq2,432,0,0,400,0.5,False
材料2|正弦波|70|fq0|bq0,499,337,0.675350701403,400,0.5,True
材料2|正弦波|70|fq0|bq1,499,0,0,400,0.5,False
材料2|正弦波|70|fq0|bq2,500,0,0,400,0.5,False
材料2|正弦波|70|fq0|bq3,500,0,0,400,0.5,False
材料2|正弦波|70|fq1|bq0,499,432,0.865731462926,400,0.5,True
材料2|正弦波|70|fq1|bq1,500,14,0.028,400,0.5,False
材料2|正弦波|70|fq1|bq2,500,0,0,400,0.5,False
材料2|正弦波|70|fq1|bq3,500,0,0,400,0.5,False
材料2|正弦波|70|fq2|bq0,500,9,0.018,400,0.5,False
材料2|正弦波|70|fq2|bq1,497,0,0,400,0.5,False
材料2|正弦波|70|fq2|bq2,498,0,0,400,0.5,False
材料2|正弦波|70|fq2|bq3,320,0,0,400,0.5,False
材料2|正弦波|70|fq3|bq0,487,0,0,400,0.5,False
材料2|正弦波|70|fq3|bq1,479,0,0,400,0.5,False
材料2|正弦波|70|fq3|bq2,437,0,0,400,0.5,False
材料2|正弦波|90|fq0|bq0,482,334,0.692946058091,400,0.5,True
材料2|正弦波|90|fq0|bq1,500,0,0,400,0.5,False
材料2|正弦波|90|fq0|bq2,500,0,0,400,0.5,False
材料2|正弦波|90|fq0|bq3,500,0,0,400,0.5,False
材料2|正弦波|90|fq1|bq0,499,389,0.779559118236,400,0.5,True
材料2|正弦波|90|fq1|bq1,500,4,0.008,400,0.5,False
材料2|正弦波|90|fq1|bq2,500,0,0,400,0.5,False
材料2|正弦波|90|fq1|bq3,500,0,0,400,0.5,False
材料2|正弦波|90|fq2|bq0,500,42,0.084,400,0.5,False
材料2|正弦波|90|fq2|bq1,497,0,0,400,0.5,False
材料2|正弦波|90|fq2|bq2,491,121,0.246435845214,400,0.5,False
材料2|正弦波|90|fq2|bq3,313,0,0,400,0.5,False
材料2|正弦波|90|fq3|bq0,494,0,0,400,0.5,False
材料2|正弦波|90|fq3|bq1,473,0,0,400,0.5,False
材料2|正弦波|90|fq3|bq2,437,1,0.00228832951945,400,0.5,False
材料3|三角波|25|fq0|bq0,311,0,0,400,0.5,False
材料3|三角波|25|fq0|bq1,471,0,0,400,0.5,False
材料3|三角波|25|fq0|bq2,499,0,0,400,0.5,False
材料3|三角波|25|fq0|bq3,500,0,0,400,0.5,False
材料3|三角波|25|fq1|bq0,443,0,0,400,0.5,False
材料3|三角波|25|fq1|bq1,498,0,0,400,0.5,False
材料3|三角波|25|fq1|bq2,500,0,0,400,0.5,False
材料3|三角波|25|fq1|bq3,500,0,0,400,0.5,False
材料3|三角波|25|fq2|bq0,500,0,0,400,0.5,False
材料3|三角波|25|fq2|bq1,499,0,0,400,0.5,False
材料3|三角波|25|fq2|bq2,500,0,0,400,0.5,False
材料3|三角波|25|fq2|bq3,500,0,0,400,0.5,False
材料3|三角波|25|fq3|bq0,500,0,0,400,0.5,False
材料3|三角波|25|fq3|bq1,498,0,0,400,0.5,False
材料3|三角波|25|fq3|bq2,499,0,0,400,0.5,False
材料3|三角波|25|fq3|bq3,493,3,0.00608519269777,400,0.5,False
材料3|三角波|50|fq0|bq1,291,0,0,400,0.5,False
材料3|三角波|50|fq0|bq2,497,0,0,400,0.5,False
材料3|三角波|50|fq0|bq3,500,0,0,400,0.5,False
材料3|三角波|50|fq1|bq0,310,0,0,400,0.5,False
材料3|三角波|50|fq1|bq1,499,0,0,400,0.5,False
材料3|三角波|50|fq1|bq2,500,0,0,400,0.5,False
材料3|三角波|50|fq1|bq3,500,0,0,400,0.5,False
材料3|三角波|50|fq2|bq0,500,0,0,400,0.5,False
材料3|三角波|50|fq2|bq1,499,0,0,400,0.5,False
材料3|三角波|50|fq2|bq2,498,0,0,400,0.5,False
材料3|三角波|50|fq2|bq3,499,0,0,400,0.5,False
材料3|三角波|50|fq3|bq0,500,20,0.04,400,0.5,False
材料3|三角波|50|fq3|bq1,500,0,0,400,0.5,False
材料3|三角波|50|fq3|bq2,499,1,0.00200400801603,400,0.5,False
材料3|三角波|50|fq3|bq3,480,67,0.139583333333,400,0.5,False
材料3|三角波|70|fq0|bq1,434,0,0,400,0.5,False
材料3|三角波|70|fq0|bq2,499,0,0,400,0.5,False
材料3|三角波|70|fq0|bq3,500,0,0,400,0.5,False
材料3|三角波|70|fq1|bq0,321,0,0,400,0.5,False
材料3|三角波|70|fq1|bq1,500,0,0,400,0.5,False
材料3|三角波|70|fq1|bq2,500,0,0,400,0.5,False
材料3|三角波|70|fq1|bq3,500,0,0,400,0.5,False
材料3|三角波|70|fq2|bq0,500,0,0,400,0.5,False
材料3|三角波|70|fq2|bq1,500,43,0.086,400,0.5,False
材料3|三角波|70|fq2|bq2,499,71,0.142284569138,400,0.5,False
材料3|三角波|70|fq2|bq3,500,6,0.012,400,0.5,False
材料3|三角波|70|fq3|bq0,500,0,0,400,0.5,False
材料3|三角波|70|fq3|bq1,500,7,0.014,400,0.5,False
材料3|三角波|70|fq3|bq2,499,234,0.468937875752,400,0.5,False
材料3|三角波|70|fq3|bq3,478,385,0.805439330544,400,0.5,True
材料3|三角波|90|fq0|bq1,438,0,0,400,0.5,False
材料3|三角波|90|fq0|bq2,500,0,0,400,0.5,False
材料3|三角波|90|fq0|bq3,500,0,0,400,0.5,False
材料3|三角波|90|fq1|bq0,476,0,0,400,0.5,False
材料3|三角波|90|fq1|bq1,500,0,0,400,0.5,False
材料3|三角波|90|fq1|bq2,495,0,0,400,0.5,False
材料3|三角波|90|fq1|bq3,500,0,0,400,0.5,False
材料3|三角波|90|fq2|bq0,500,298,0.596,400,0.5,True
材料3|三角波|90|fq2|bq1,499,9,0.0180360721443,400,0.5,False
材料3|三角波|90|fq2|bq2,500,7,0.014,400,0.5,False
材料3|三角波|90|fq2|bq3,499,5,0.0100200400802,400,0.5,False
材料3|三角波|90|fq3|bq0,500,0,0,400,0.5,False
材料3|三角波|90|fq3|bq1,499,68,0.13627254509,400,0.5,False
材料3|三角波|90|fq3|bq2,499,87,0.174348697395,400,0.5,False
材料3|三角波|90|fq3|bq3,486,120,0.246913580247,400,0.5,False
材料3|梯形波|25|fq0|bq1,478,0,0,400,0.5,False
材料3|梯形波|25|fq0|bq2,500,0,0,400,0.5,False
材料3|梯形波|25|fq0|bq3,500,0,0,400,0.5,False
材料3|梯形波|25|fq1|bq0,311,0,0,400,0.5,False
材料3|梯形波|25|fq1|bq1,497,0,0,400,0.5,False
材料3|梯形波|25|fq1|bq2,499,0,0,400,0.5,False
材料3|梯形波|25|fq1|bq3,500,0,0,400,0.5,False
材料3|梯形波|25|fq2|bq0,415,0,0,400,0.5,False
材料3|梯形波|25|fq2|bq1,477,0,0,400,0.5,False
材料3|梯形波|25|fq2|bq2,479,0,0,400,0.5,False
材料3|梯形波|25|fq2|bq3,496,0,0,400,0.5,False
材料3|梯形波|25|fq3|bq0,500,0,0,400,0.5,False
材料3|梯形波|25|fq3|bq1,500,0,0,400,0.5,False
材料3|梯形波|25|fq3|bq2,500,0,0,400,0.5,False
材料3|梯形波|25|fq3|bq3,494,0,0,400,0.5,False
材料3|梯形波|50|fq0|bq1,434,0,0,400,0.5,False
材料3|梯形波|50|fq0|bq2,500,0,0,400,0.5,False
材料3|梯形波|50|fq0|bq3,500,0,0,400,0.5,False
材料3|梯形波|50|fq1|bq0,307,0,0,400,0.5,False
材料3|梯形波|50|fq1|bq1,496,0,0,400,0.5,False
材料3|梯形波|50|fq1|bq2,498,0,0,400,0.5,False
材料3|梯形波|50|fq1|bq3,500,0,0,400,0.5,False
材料3|梯形波|50|fq2|bq0,473,0,0,400,0.5,False
材料3|梯形波|50|fq2|bq1,475,0,0,400,0.5,False
材料3|梯形波|50|fq2|bq2,470,0,0,400,0.5,False
材料3|梯形波|50|fq2|bq3,495,0,0,400,0.5,False
材料3|梯形波|50|fq3|bq0,500,0,0,400,0.5,False
材料3|梯形波|50|fq3|bq1,500,0,0,400,0.5,False
材料3|梯形波|50|fq3|bq2,500,0,0,400,0.5,False
材料3|梯形波|50|fq3|bq3,499,0,0,400,0.5,False
材料3|梯形波|70|fq0|bq1,430,0,0,400,0.5,False
材料3|梯形波|70|fq0|bq2,500,0,0,400,0.5,False
材料3|梯形波|70|fq0|bq3,500,0,0,400,0.5,False
材料3|梯形波|70|fq1|bq1,497,0,0,400,0.5,False
材料3|梯形波|70|fq1|bq2,500,0,0,400,0.5,False
材料3|梯形波|70|fq1|bq3,500,0,0,400,0.5,False
材料3|梯形波|70|fq2|bq0,477,0,0,400,0.5,False
材料3|梯形波|70|fq2|bq1,476,0,0,400,0.5,False
材料3|梯形波|70|fq2|bq2,476,0,0,400,0.5,False
材料3|梯形波|70|fq2|bq3,497,0,0,400,0.5,False
材料3|梯形波|70|fq3|bq0,500,0,0,400,0.5,False
材料3|梯形波|70|fq3|bq1,500,43,0.086,400,0.5,False
材料3|梯形波|70|fq3|bq2,500,29,0.058,400,0.5,False
材料3|梯形波|70|fq3|bq3,499,1,0.00200400801603,400,0.5,False
材料3|梯形波|90|fq0|bq1,474,0,0,400,0.5,False
材料3|梯形波|90|fq0|bq2,500,0,0,400,0.5,False
材料3|梯形波|90|fq0|bq3,500,0,0,400,0.5,False
材料3|梯形波|90|fq1|bq1,500,0,0,400,0.5,False
材料3|梯形波|90|fq1|bq2,497,0,0,400,0.5,False
材料3|梯形波|90|fq1|bq3,500,0,0,400,0.5,False
材料3|梯形波|90|fq2|bq0,473,0,0,400,0.5,False
材料3|梯形波|90|fq2|bq1,471,0,0,400,0.5,False
材料3|梯形波|90|fq2|bq2,478,0,0,400,0.5,False
材料3|梯形波|90|fq2|bq3,499,0,0,400,0.5,False
材料3|梯形波|90|fq3|bq0,500,48,0.096,400,0.5,False
材料3|梯形波|90|fq3|bq1,500,2,0.004,400,0.5,False
材料3|梯形波|90|fq3|bq2,500,0,0,400,0.5,False
材料3|梯形波|90|fq3|bq3,497,0,0,400,0.5,False
材料3|正弦波|25|fq0|bq0,489,0,0,400,0.5,False
材料3|正弦波|25|fq0|bq1,500,0,0,400,0.5,False
材料3|正弦波|25|fq0|bq2,500,0,0,400,0.5,False
材料3|正弦波|25|fq0|bq3,500,0,0,400,0.5,False
材料3|正弦波|25|fq1|bq0,500,0,0,400,0.5,False
材料3|正弦波|25|fq1|bq1,500,0,0,400,0.5,False
材料3|正弦波|25|fq1|bq2,500,0,0,400,0.5,False
材料3|正弦波|25|fq1|bq3,500,0,0,400,0.5,False
材料3|正弦波|25|fq2|bq0,500,0,0,400,0.5,False
材料3|正弦波|25|fq2|bq1,499,0,0,400,0.5,False
材料3|正弦波|25|fq2|bq2,498,0,0,400,0.5,False
材料3|正弦波|25|fq2|bq3,313,0,0,400,0.5,False
材料3|正弦波|25|fq3|bq0,492,3,0.00609756097561,400,0.5,False
材料3|正弦波|25|fq3|bq1,475,0,0,400,0.5,False
材料3|正弦波|25|fq3|bq2,433,0,0,400,0.5,False
材料3|正弦波|50|fq0|bq0,496,0,0,400,0.5,False
材料3|正弦波|50|fq0|bq1,500,0,0,400,0.5,False
材料3|正弦波|50|fq0|bq2,499,0,0,400,0.5,False
材料3|正弦波|50|fq0|bq3,500,0,0,400,0.5,False
材料3|正弦波|50|fq1|bq0,500,0,0,400,0.5,False
材料3|正弦波|50|fq1|bq1,500,0,0,400,0.5,False
材料3|正弦波|50|fq1|bq2,498,0,0,400,0.5,False
材料3|正弦波|50|fq1|bq3,500,0,0,400,0.5,False
材料3|正弦波|50|fq2|bq0,500,19,0.038,400,0.5,False
材料3|正弦波|50|fq2|bq1,500,0,0,400,0.5,False
材料3|正弦波|50|fq2|bq2,496,0,0,400,0.5,False
材料3|正弦波|50|fq2|bq3,296,0,0,400,0.5,False
材料3|正弦波|50|fq3|bq0,492,1,0.0020325203252,400,0.5,False
材料3|正弦波|50|fq3|bq1,478,0,0,400,0.5,False
材料3|正弦波|50|fq3|bq2,430,0,0,400,0.5,False
材料3|正弦波|70|fq0|bq0,490,3,0.00612244897959,400,0.5,False
材料3|正弦波|70|fq0|bq1,500,0,0,400,0.5,False
材料3|正弦波|70|fq0|bq2,500,0,0,400,0.5,False
材料3|正弦波|70|fq0|bq3,500,0,0,400,0.5,False
材料3|正弦波|70|fq1|bq0,500,7,0.014,400,0.5,False
材料3|正弦波|70|fq1|bq1,500,0,0,400,0.5,False
材料3|正弦波|70|fq1|bq2,494,0,0,400,0.5,False
材料3|正弦波|70|fq1|bq3,499,0,0,400,0.5,False
材料3|正弦波|70|fq2|bq0,500,356,0.712,400,0.5,True
材料3|正弦波|70|fq2|bq1,489,0,0,400,0.5,False
材料3|正弦波|70|fq2|bq2,497,0,0,400,0.5,False
材料3|正弦波|70|fq3|bq0,488,1,0.00204918032787,400,0.5,False
材料3|正弦波|70|fq3|bq1,477,0,0,400,0.5,False
材料3|正弦波|70|fq3|bq2,434,0,0,400,0.5,False
材料3|正弦波|90|fq0|bq0,441,0,0,400,0.5,False
材料3|正弦波|90|fq0|bq1,500,0,0,400,0.5,False
材料3|正弦波|90|fq0|bq2,500,0,0,400,0.5,False
材料3|正弦波|90|fq0|bq3,500,0,0,400,0.5,False
材料3|正弦波|90|fq1|bq0,499,22,0.0440881763527,400,0.5,False
材料3|正弦波|90|fq1|bq1,500,0,0,400,0.5,False
材料3|正弦波|90|fq1|bq2,500,0,0,400,0.5,False
材料3|正弦波|90|fq1|bq3,500,0,0,400,0.5,False
材料3|正弦波|90|fq2|bq0,500,131,0.262,400,0.5,False
材料3|正弦波|90|fq2|bq1,499,7,0.0140280561122,400,0.5,False
材料3|正弦波|90|fq2|bq2,495,0,0,400,0.5,False
材料3|正弦波|90|fq2|bq3,330,0,0,400,0.5,False
材料3|正弦波|90|fq3|bq0,492,0,0,400,0.5,False
材料3|正弦波|90|fq3|bq1,480,1,0.00208333333333,400,0.5,False
材料3|正弦波|90|fq3|bq2,436,0,0,400,0.5,False
材料4|三角波|25|fq0|bq0,490,0,0,400,0.5,False
材料4|三角波|25|fq0|bq1,500,0,0,400,0.5,False
材料4|三角波|25|fq0|bq2,500,0,0,400,0.5,False
材料4|三角波|25|fq0|bq3,500,0,0,400,0.5,False
材料4|三角波|25|fq1|bq0,500,0,0,400,0.5,False
材料4|三角波|25|fq1|bq1,500,0,0,400,0.5,False
材料4|三角波|25|fq1|bq2,499,0,0,400,0.5,False
材料4|三角波|25|fq1|bq3,500,0,0,400,0.5,False
材料4|三角波|25|fq2|bq0,500,0,0,400,0.5,False
材料4|三角波|25|fq2|bq1,500,0,0,400,0.5,False
材料4|三角波|25|fq2|bq2,498,0,0,400,0.5,False
材料4|三角波|25|fq2|bq3,426,0,0,400,0.5,False
材料4|三角波|25|fq3|bq0,500,0,0,400,0.5,False
材料4|三角波|25|fq3|bq1,500,0,0,400,0.5,False
材料4|三角波|25|fq3|bq2,497,0,0,400,0.5,False
材料4|三角波|25|fq3|bq3,424,0,0,400,0.5,False
材料4|三角波|50|fq0|bq0,495,0,0,400,0.5,False
材料4|三角波|50|fq0|bq1,500,0,0,400,0.5,False
材料4|三角波|50|fq0|bq2,500,0,0,400,0.5,False
材料4|三角波|50|fq0|bq3,500,0,0,400,0.5,False
材料4|三角波|50|fq1|bq0,500,0,0,400,0.5,False
材料4|三角波|50|fq1|bq1,500,0,0,400,0.5,False
材料4|三角波|50|fq1|bq2,499,0,0,400,0.5,False
材料4|三角波|50|fq1|bq3,499,0,0,400,0.5,False
材料4|三角波|50|fq2|bq0,500,0,0,400,0.5,False
材料4|三角波|50|fq2|bq1,500,0,0,400,0.5,False
材料4|三角波|50|fq2|bq2,498,0,0,400,0.5,False
材料4|三角波|50|fq2|bq3,311,0,0,400,0.5,False
材料4|三角波|50|fq3|bq0,500,0,0,400,0.5,False
材料4|三角波|50|fq3|bq1,499,0,0,400,0.5,False
材料4|三角波|50|fq3|bq2,492,4,0.00813008130081,400,0.5,False
材料4|三角波|50|fq3|bq3,429,0,0,400,0.5,False
材料4|三角波|70|fq0|bq0,492,0,0,400,0.5,False
材料4|三角波|70|fq0|bq1,500,0,0,400,0.5,False
材料4|三角波|70|fq0|bq2,500,0,0,400,0.5,False
材料4|三角波|70|fq0|bq3,500,0,0,400,0.5,False
材料4|三角波|70|fq1|bq0,500,0,0,400,0.5,False
材料4|三角波|70|fq1|bq1,499,0,0,400,0.5,False
材料4|三角波|70|fq1|bq2,500,0,0,400,0.5,False
材料4|三角波|70|fq1|bq3,499,0,0,400,0.5,False
材料4|三角波|70|fq2|bq0,500,0,0,400,0.5,False
材料4|三角波|70|fq2|bq1,500,0,0,400,0.5,False
材料4|三角波|70|fq2|bq2,500,0,0,400,0.5,False
材料4|三角波|70|fq2|bq3,439,0,0,400,0.5,False
材料4|三角波|70|fq3|bq0,500,0,0,400,0.5,False
材料4|三角波|70|fq3|bq1,500,0,0,400,0.5,False
材料4|三角波|70|fq3|bq2,494,6,0.0121457489879,400,0.5,False
材料4|三角波|70|fq3|bq3,430,0,0,400,0.5,False
材料4|三角波|90|fq0|bq0,475,0,0,400,0.5,False
材料4|三角波|90|fq0|bq1,499,0,0,400,0.5,False
材料4|三角波|90|fq0|bq2,500,0,0,400,0.5,False
材料4|三角波|90|fq0|bq3,500,0,0,400,0.5,False
材料4|三角波|90|fq1|bq0,500,0,0,400,0.5,False
材料4|三角波|90|fq1|bq1,500,0,0,400,0.5,False
材料4|三角波|90|fq1|bq2,500,0,0,400,0.5,False
材料4|三角波|90|fq1|bq3,500,0,0,400,0.5,False
材料4|三角波|90|fq2|bq0,500,0,0,400,0.5,False
材料4|三角波|90|fq2|bq1,500,0,0,400,0.5,False
材料4|三角波|90|fq2|bq2,499,0,0,400,0.5,False
材料4|三角波|90|fq2|bq3,314,0,0,400,0.5,False
材料4|三角波|90|fq3|bq0,500,0,0,400,0.5,False
材料4|三角波|90|fq3|bq1,500,0,0,400,0.5,False
材料4|三角波|90|fq3|bq2,484,6,0.0123966942149,400,0.5,False
材料4|三角波|90|fq3|bq3,419,0,0,400,0.5,False
材料4|梯形波|25|fq0|bq0,329,0,0,400,0.5,False
材料4|梯形波|25|fq0|bq1,496,0,0,400,0.5,False
材料4|梯形波|25|fq0|bq2,500,0,0,400,0.5,False
材料4|梯形波|25|fq0|bq3,500,0,0,400,0.5,False
材料4|梯形波|25|fq1|bq0,480,0,0,400,0.5,False
材料4|梯形波|25|fq1|bq1,485,0,0,400,0.5,False
材料4|梯形波|25|fq1|bq2,318,0,0,400,0.5,False
材料4|梯形波|25|fq1|bq3,492,0,0,400,0.5,False
材料4|梯形波|50|fq0|bq0,331,0,0,400,0.5,False
材料4|梯形波|50|fq0|bq1,498,0,0,400,0.5,False
材料4|梯形波|50|fq0|bq2,500,0,0,400,0.5,False
材料4|梯形波|50|fq0|bq3,500,0,0,400,0.5,False
材料4|梯形波|50|fq1|bq0,500,0,0,400,0.5,False
材料4|梯形波|50|fq1|bq1,500,0,0,400,0.5,False
材料4|梯形波|50|fq1|bq2,500,0,0,400,0.5,False
材料4|梯形波|50|fq1|bq3,500,0,0,400,0.5,False
材料4|梯形波|50|fq2|bq0,486,0,0,400,0.5,False
材料4|梯形波|70|fq0|bq0,322,0,0,400,0.5,False
材料4|梯形波|70|fq0|bq1,500,0,0,400,0.5,False
材料4|梯形波|70|fq0|bq2,499,0,0,400,0.5,False
材料4|梯形波|70|fq0|bq3,500,0,0,400,0.5,False
材料4|梯形波|70|fq1|bq0,500,0,0,400,0.5,False
材料4|梯形波|70|fq1|bq1,500,0,0,400,0.5,False
材料4|梯形波|70|fq1|bq2,500,0,0,400,0.5,False
材料4|梯形波|70|fq1|bq3,500,0,0,400,0.5,False
材料4|梯形波|70|fq2|bq0,499,0,0,400,0.5,False
材料4|梯形波|70|fq2|bq1,424,0,0,400,0.5,False
材料4|梯形波|70|fq2|bq2,426,0,0,400,0.5,False
材料4|梯形波|70|fq2|bq3,420,0,0,400,0.5,False
材料4|梯形波|90|fq0|bq0,326,0,0,400,0.5,False
材料4|梯形波|90|fq0|bq1,494,0,0,400,0.5,False
材料4|梯形波|90|fq0|bq2,500,0,0,400,0.5,False
材料4|梯形波|90|fq0|bq3,500,0,0,400,0.5,False
材料4|梯形波|90|fq1|bq0,500,2,0.004,400,0.5,False
材料4|梯形波|90|fq1|bq1,500,0,0,400,0.5,False
材料4|梯形波|90|fq1|bq2,500,0,0,400,0.5,False
材料4|梯形波|90|fq1|bq3,500,0,0,400,0.5,False
材料4|梯形波|90|fq2|bq0,495,0,0,400,0.5,False
材料4|梯形波|90|fq2|bq1,475,0,0,400,0.5,False
材料4|梯形波|90|fq2|bq2,470,0,0,400,0.5,False
材料4|梯形波|90|fq2|bq3,296,0,0,400,0.5,False
材料4|正弦波|25|fq0|bq0,500,0,0,400,0.5,False
材料4|正弦波|25|fq0|bq1,500,0,0,400,0.5,False
材料4|正弦波|25|fq0|bq2,500,0,0,400,0.5,False
材料4|正弦波|25|fq0|bq3,434,0,0,400,0.5,False
材料4|正弦波|25|fq1|bq0,500,0,0,400,0.5,False
材料4|正弦波|25|fq1|bq1,500,0,0,400,0.5,False
材料4|正弦波|25|fq1|bq2,500,0,0,400,0.5,False
材料4|正弦波|25|fq1|bq3,483,0,0,400,0.5,False
材料4|正弦波|25|fq2|bq0,500,0,0,400,0.5,False
材料4|正弦波|25|fq2|bq1,498,0,0,400,0.5,False
材料4|正弦波|25|fq2|bq2,495,0,0,400,0.5,False
材料4|正弦波|25|fq3|bq0,500,0,0,400,0.5,False
材料4|正弦波|25|fq3|bq1,498,0,0,400,0.5,False
材料4|正弦波|25|fq3|bq2,439,0,0,400,0.5,False
材料4|正弦波|50|fq0|bq0,499,0,0,400,0.5,False
材料4|正弦波|50|fq0|bq1,500,0,0,400,0.5,False
材料4|正弦波|50|fq0|bq2,500,0,0,400,0.5,False
材料4|正弦波|50|fq0|bq3,499,0,0,400,0.5,False
材料4|正弦波|50|fq1|bq0,500,0,0,400,0.5,False
材料4|正弦波|50|fq1|bq1,500,0,0,400,0.5,False
材料4|正弦波|50|fq1|bq2,500,0,0,400,0.5,False
材料4|正弦波|50|fq1|bq3,499,0,0,400,0.5,False
材料4|正弦波|50|fq2|bq0,500,2,0.004,400,0.5,False
材料4|正弦波|50|fq2|bq1,499,0,0,400,0.5,False
材料4|正弦波|50|fq2|bq2,493,0,0,400,0.5,False
材料4|正弦波|50|fq3|bq0,500,317,0.634,400,0.5,True
材料4|正弦波|50|fq3|bq1,499,21,0.0420841683367,400,0.5,False
材料4|正弦波|50|fq3|bq2,321,0,0,400,0.5,False
材料4|正弦波|70|fq0|bq0,499,77,0.154308617234,400,0.5,False
材料4|正弦波|70|fq0|bq1,500,0,0,400,0.5,False
材料4|正弦波|70|fq0|bq2,500,0,0,400,0.5,False
材料4|正弦波|70|fq0|bq3,500,0,0,400,0.5,False
材料4|正弦波|70|fq1|bq0,500,46,0.092,400,0.5,False
材料4|正弦波|70|fq1|bq1,500,0,0,400,0.5,False
材料4|正弦波|70|fq1|bq2,499,0,0,400,0.5,False
材料4|正弦波|70|fq1|bq3,499,0,0,400,0.5,False
材料4|正弦波|70|fq2|bq0,500,18,0.036,400,0.5,False
材料4|正弦波|70|fq2|bq1,497,5,0.010060362173,400,0.5,False
材料4|正弦波|70|fq2|bq2,497,0,0,400,0.5,False
材料4|正弦波|70|fq3|bq0,500,0,0,400,0.5,False
材料4|正弦波|70|fq3|bq1,500,2,0.004,400,0.5,False
材料4|正弦波|70|fq3|bq2,331,0,0,400,0.5,False
材料4|正弦波|90|fq0|bq0,500,429,0.858,400,0.5,True
材料4|正弦波|90|fq0|bq1,500,0,0,400,0.5,False
材料4|正弦波|90|fq0|bq2,500,0,0,400,0.5,False
材料4|正弦波|90|fq0|bq3,500,0,0,400,0.5,False
材料4|正弦波|90|fq1|bq0,500,111,0.222,400,0.5,False
材料4|正弦波|90|fq1|bq1,500,0,0,400,0.5,False
材料4|正弦波|90|fq1|bq2,500,0,0,400,0.5,False
材料4|正弦波|90|fq1|bq3,498,0,0,400,0.5,False
材料4|正弦波|90|fq2|bq0,500,1,0.002,400,0.5,False
材料4|正弦波|90|fq2|bq1,500,0,0,400,0.5,False
材料4|正弦波|90|fq2|bq2,496,0,0,400,0.5,False
材料4|正弦波|90|fq3|bq0,500,0,0,400,0.5,False
材料4|正弦波|90|fq3|bq1,500,0,0,400,0.5,False
材料4|正弦波|90|fq3|bq2,440,0,0,400,0.5,False
